日期,股票,数量,持仓,收盘价,收益
2013-02-01,Cash,,50000,,
2013-02-04,Cash,,50000,,
2013-02-05,Cash,,50000,,
2013-02-06,Cash,,50000,,
2013-02-07,Cash,,50000,,
2013-02-08,Cash,,50000,,
2013-02-18,Cash,,50000,,
2013-02-19,Cash,,50000,,
2013-02-20,Cash,,50000,,
2013-02-21,Cash,,50000,,
2013-02-22,Cash,,50000,,
2013-02-25,Cash,,50000,,
2013-02-26,Cash,,50000,,
2013-02-27,Cash,,50000,,
2013-02-28,Cash,,50000,,
2013-03-01,Cash,,50000,,
2013-03-04,Cash,,50000,,
2013-03-05,Cash,,50000,,
2013-03-06,Cash,,50000,,
2013-03-07,Cash,,50000,,
2013-03-08,Cash,,50000,,
2013-03-11,Cash,,50000,,
2013-03-12,Cash,,50000,,
2013-03-13,Cash,,50000,,
2013-03-14,Cash,,50000,,
2013-03-15,Cash,,50000,,
2013-03-18,南方中证500ETF(510500.XSHG),2900,9870.15,3.404,-43.21
2013-03-18,Cash,,40081.64,,
2013-03-19,南方中证500ETF(510500.XSHG),2900,9932.21,3.425,18.85
2013-03-19,Cash,,40081.64,,
2013-03-20,南方中证500ETF(510500.XSHG),2900,10190.89,3.514,277.53
2013-03-20,Cash,,40081.64,,
2013-03-21,南方中证500ETF(510500.XSHG),2900,10294.42,3.55,381.06
2013-03-21,Cash,,40081.64,,
2013-03-22,南方中证500ETF(510500.XSHG),3100,11048.4,3.564,423.5
2013-03-22,Cash,,39365.1,,
2013-03-25,南方中证500ETF(510500.XSHG),3300,11725.89,3.553,388.73
2013-03-25,Cash,,38647.84,,
2013-03-26,南方中证500ETF(510500.XSHG),3500,12311.95,3.518,267.55
2013-03-26,Cash,,37935.6,,
2013-03-27,南方中证500ETF(510500.XSHG),3500,12349.4,3.528,305
2013-03-27,Cash,,37935.6,,
2013-03-28,南方中证500ETF(510500.XSHG),3700,12698.4,3.432,-35.38
2013-03-28,Cash,,37241.22,,
2013-03-29,南方中证500ETF(510500.XSHG),3700,12711.72,3.436,-22.06
2013-03-29,Cash,,37241.22,,
2013-04-01,南方中证500ETF(510500.XSHG),3700,12777.58,3.453,43.8
2013-04-01,Cash,,37241.22,,
2013-04-02,南方中证500ETF(510500.XSHG),3900,13315.38,3.414,-102.08
2013-04-02,Cash,,36552.54,,
2013-04-03,南方中证500ETF(510500.XSHG),4100,13910.48,3.393,-183.52
2013-04-03,Cash,,35871,,
2013-04-08,南方中证500ETF(510500.XSHG),4100,13939.59,3.4,-154.41
2013-04-08,Cash,,35871,,
2013-04-09,南方中证500ETF(510500.XSHG),4300,14757.6,3.432,-22.94
2013-04-09,Cash,,35179.46,,
2013-04-10,南方中证500ETF(510500.XSHG),4300,14711.59,3.421,-68.95
2013-04-10,Cash,,35179.46,,
2013-04-11,南方中证500ETF(510500.XSHG),4300,14681.06,3.414,-99.48
2013-04-11,Cash,,35179.46,,
2013-04-12,南方中证500ETF(510500.XSHG),4300,14558.51,3.386,-222.03
2013-04-12,Cash,,35179.46,,
2013-04-15,南方中证500ETF(510500.XSHG),4600,15295,3.325,-483.19
2013-04-15,Cash,,34176.81,,
2013-04-16,南方中证500ETF(510500.XSHG),4600,15475.78,3.364,-302.41
2013-04-16,Cash,,34176.81,,
2013-04-17,南方中证500ETF(510500.XSHG),4800,16285.44,3.393,-171.43
2013-04-17,Cash,,33493.13,,
2013-04-18,南方中证500ETF(510500.XSHG),5000,17017.5,3.404,-121.63
2013-04-18,Cash,,32805.87,,
2013-04-19,南方中证500ETF(510500.XSHG),5200,18068.96,3.475,233.29
2013-04-19,Cash,,32104.33,,
2013-04-22,南方中证500ETF(510500.XSHG),5400,18880.02,3.496,348.53
2013-04-22,Cash,,31403.51,,
2013-04-23,南方中证500ETF(510500.XSHG),5600,19019.84,3.396,-195.33
2013-04-23,Cash,,30714.83,,
2013-04-24,南方中证500ETF(510500.XSHG),5800,20091.78,3.464,185.09
2013-04-24,Cash,,30018.31,,
2013-04-25,南方中证500ETF(510500.XSHG),5800,19843.54,3.421,-63.15
2013-04-25,Cash,,30018.31,,
2013-04-26,南方中证500ETF(510500.XSHG),6000,20185.8,3.364,-396.73
2013-04-26,Cash,,29337.47,,
2013-05-02,南方中证500ETF(510500.XSHG),6000,20250,3.375,-332.53
2013-05-02,Cash,,29337.47,,
2013-05-03,南方中证500ETF(510500.XSHG),6200,21367.06,3.446,94.43
2013-05-03,Cash,,28642.37,,
2013-05-06,南方中证500ETF(510500.XSHG),6400,22444.8,3.507,469.91
2013-05-06,Cash,,27935.11,,
2013-05-07,南方中证500ETF(510500.XSHG),6600,23193.06,3.514,515.21
2013-05-07,Cash,,27227.15,,
2013-05-08,南方中证500ETF(510500.XSHG),6800,24138.64,3.55,752.09
2013-05-08,Cash,,26513.45,,
2013-05-09,南方中证500ETF(510500.XSHG),7000,24848.6,3.55,753.35
2013-05-09,Cash,,25799.75,,
2013-05-10,南方中证500ETF(510500.XSHG),7200,25712.64,3.571,902.99
2013-05-10,Cash,,25080.35,,
2013-05-13,南方中证500ETF(510500.XSHG),7400,26506.06,3.582,979.15
2013-05-13,Cash,,24358.09,,
2013-05-14,南方中证500ETF(510500.XSHG),7600,26923.76,3.543,687.45
2013-05-14,Cash,,23643.69,,
2013-05-15,南方中证500ETF(510500.XSHG),7800,28049.58,3.596,1096.73
2013-05-15,Cash,,22922.15,,
2013-05-16,南方中证500ETF(510500.XSHG),8000,29083.2,3.635,1404.51
2013-05-16,Cash,,22191.31,,
2013-05-17,南方中证500ETF(510500.XSHG),8200,30219.46,3.685,1802.09
2013-05-17,Cash,,21447.63,,
2013-05-20,南方中证500ETF(510500.XSHG),8400,31346.28,3.732,2181.65
2013-05-20,Cash,,20695.37,,
2013-05-21,南方中证500ETF(510500.XSHG),8600,32460.7,3.775,2543.09
2013-05-21,Cash,,19937.39,,
2013-05-22,南方中证500ETF(510500.XSHG),9000,33714,3.746,2301.87
2013-05-22,Cash,,18432.87,,
2013-05-23,南方中证500ETF(510500.XSHG),9200,34200.08,3.717,2039.97
2013-05-23,Cash,,17679.89,,
2013-05-24,南方中证500ETF(510500.XSHG),9400,35447.4,3.771,2532.89
2013-05-24,Cash,,16920.49,,
2013-05-27,南方中证500ETF(510500.XSHG),9600,36543.36,3.807,2867.29
2013-05-27,Cash,,16153.93,,
2013-05-28,南方中证500ETF(510500.XSHG),9800,37444.82,3.821,3002.91
2013-05-28,Cash,,15383.09,,
2013-05-29,南方中证500ETF(510500.XSHG),10000,38423,3.842,3211.69
2013-05-29,Cash,,14608.69,,
2013-05-30,南方中证500ETF(510500.XSHG),10200,39300.6,3.853,3317.03
2013-05-30,Cash,,13831.43,,
2013-05-31,南方中证500ETF(510500.XSHG),10400,39922.48,3.839,3167.37
2013-05-31,Cash,,13054.89,,
2013-06-03,南方中证500ETF(510500.XSHG),10400,39663.52,3.814,2908.41
2013-06-03,Cash,,13054.89,,
2013-06-04,南方中证500ETF(510500.XSHG),10600,39594.18,3.735,2091.09
2013-06-04,Cash,,12301.91,,
2013-06-05,南方中证500ETF(510500.XSHG),10600,39745.76,3.75,2242.67
2013-06-05,Cash,,12301.91,,
2013-06-06,南方中证500ETF(510500.XSHG),10800,39763.44,3.682,1518.79
2013-06-06,Cash,,11555.35,,
2013-06-07,南方中证500ETF(510500.XSHG),11000,39754,3.614,786.39
2013-06-07,Cash,,10827.39,,
2013-06-13,南方中证500ETF(510500.XSHG),11200,39317.6,3.511,-355.11
2013-06-13,Cash,,10117.29,,
2013-06-14,南方中证500ETF(510500.XSHG),11200,40196.8,3.589,524.09
2013-06-14,Cash,,10117.29,,
2013-06-17,南方中证500ETF(510500.XSHG),11200,40196.8,3.589,524.09
2013-06-17,Cash,,10117.29,,
2013-06-18,南方中证500ETF(510500.XSHG),11400,41036.58,3.6,642.33
2013-06-18,Cash,,9390.75,,
2013-06-19,南方中证500ETF(510500.XSHG),11400,40873.56,3.585,479.31
2013-06-19,Cash,,9390.75,,
2013-06-20,南方中证500ETF(510500.XSHG),11600,40267.08,3.471,-827.29
2013-06-20,Cash,,8685.63,,
2013-06-21,南方中证500ETF(510500.XSHG),11600,39977.08,3.446,-1117.29
2013-06-21,Cash,,8685.63,,
2013-06-24,南方中证500ETF(510500.XSHG),11900,38548.86,3.239,-3529.24
2013-06-24,Cash,,7696.9,,
2013-06-25,南方中证500ETF(510500.XSHG),11900,38378.69,3.225,-3699.41
2013-06-25,Cash,,7696.9,,
2013-06-26,南方中证500ETF(510500.XSHG),11900,39142.67,3.289,-2935.43
2013-06-26,Cash,,7696.9,,
2013-06-27,南方中证500ETF(510500.XSHG),12200,39434.06,3.232,-3619.19
2013-06-27,Cash,,6716.75,,
2013-06-28,南方中证500ETF(510500.XSHG),12200,39520.68,3.239,-3532.57
2013-06-28,Cash,,6716.75,,
2013-07-01,南方中证500ETF(510500.XSHG),12500,41250,3.3,-2790.19
2013-07-01,Cash,,5724.81,,
2013-07-02,南方中证500ETF(510500.XSHG),12700,42680.89,3.361,-2028.68
2013-07-02,Cash,,5050.43,,
2013-07-03,南方中证500ETF(510500.XSHG),12900,43353.03,3.361,-2029.5
2013-07-03,Cash,,4372.47,,
2013-07-04,南方中证500ETF(510500.XSHG),13100,44398.52,3.389,-1667.69
2013-07-04,Cash,,3683.79,,
2013-07-05,南方中证500ETF(510500.XSHG),13300,44887.5,3.375,-1860.25
2013-07-05,Cash,,2997.25,,
2013-07-08,南方中证500ETF(510500.XSHG),13600,44201.36,3.25,-3534.38
2013-07-08,Cash,,2004.26,,
2013-07-09,南方中证500ETF(510500.XSHG),13600,44346.88,3.261,-3388.86
2013-07-09,Cash,,2004.26,,
2013-07-10,南方中证500ETF(510500.XSHG),13800,46427.34,3.364,-1978.5
2013-07-10,Cash,,1329.16,,
2013-07-11,南方中证500ETF(510500.XSHG),14000,48497.4,3.464,-602.12
2013-07-11,Cash,,630.48,,
2013-07-12,南方中证500ETF(510500.XSHG),14100,48441.96,3.436,-1003.69
2013-07-12,Cash,,279.35,,
2013-07-15,南方中证500ETF(510500.XSHG),14100,49297.83,3.496,-147.82
2013-07-15,Cash,,279.35,,
2013-07-16,南方中证500ETF(510500.XSHG),14100,49901.31,3.539,455.66
2013-07-16,Cash,,279.35,,
2013-07-17,南方中证500ETF(510500.XSHG),14100,49247.07,3.493,-198.58
2013-07-17,Cash,,279.35,,
2013-07-18,南方中证500ETF(510500.XSHG),14100,49146.96,3.486,-298.69
2013-07-18,Cash,,279.35,,
2013-07-19,南方中证500ETF(510500.XSHG),14100,48040.11,3.407,-1405.54
2013-07-19,Cash,,279.35,,
2013-07-22,南方中证500ETF(510500.XSHG),14100,48945.33,3.471,-500.32
2013-07-22,Cash,,279.35,,
2013-07-23,南方中证500ETF(510500.XSHG),14100,50101.53,3.553,655.88
2013-07-23,Cash,,279.35,,
2013-07-24,南方中证500ETF(510500.XSHG),14100,50353.92,3.571,908.27
2013-07-24,Cash,,279.35,,
2013-07-25,南方中证500ETF(510500.XSHG),14100,49498.05,3.511,52.4
2013-07-25,Cash,,279.35,,
2013-07-26,南方中证500ETF(510500.XSHG),14100,49397.94,3.503,-47.71
2013-07-26,Cash,,279.35,,
2013-07-29,南方中证500ETF(510500.XSHG),14100,48391.2,3.432,-1054.45
2013-07-29,Cash,,279.35,,
2013-07-30,南方中证500ETF(510500.XSHG),14100,48140.22,3.414,-1305.43
2013-07-30,Cash,,279.35,,
2013-07-31,南方中证500ETF(510500.XSHG),14100,48441.96,3.436,-1003.69
2013-07-31,Cash,,279.35,,
2013-08-01,南方中证500ETF(510500.XSHG),14100,49799.79,3.532,354.14
2013-08-01,Cash,,279.35,,
2013-08-02,南方中证500ETF(510500.XSHG),14100,49901.31,3.539,455.66
2013-08-02,Cash,,279.35,,
2013-08-05,南方中证500ETF(510500.XSHG),14100,50755.77,3.6,1310.12
2013-08-05,Cash,,279.35,,
2013-08-06,南方中证500ETF(510500.XSHG),14100,51259.14,3.635,1813.49
2013-08-06,Cash,,279.35,,
2013-08-07,南方中证500ETF(510500.XSHG),14100,50604.9,3.589,1159.25
2013-08-07,Cash,,279.35,,
2013-08-08,南方中证500ETF(510500.XSHG),14100,50705.01,3.596,1259.36
2013-08-08,Cash,,279.35,,
2013-08-09,南方中证500ETF(510500.XSHG),14100,50957.4,3.614,1511.75
2013-08-09,Cash,,279.35,,
2013-08-12,南方中证500ETF(510500.XSHG),14100,51862.62,3.678,2416.97
2013-08-12,Cash,,279.35,,
2013-08-13,南方中证500ETF(510500.XSHG),14100,52064.25,3.693,2618.6
2013-08-13,Cash,,279.35,,
2013-08-14,南方中证500ETF(510500.XSHG),14100,51811.86,3.675,2366.21
2013-08-14,Cash,,279.35,,
2013-08-15,南方中证500ETF(510500.XSHG),14100,51159.03,3.628,1713.38
2013-08-15,Cash,,279.35,,
2013-08-16,南方中证500ETF(510500.XSHG),14100,50052.18,3.55,606.53
2013-08-16,Cash,,279.35,,
2013-08-19,南方中证500ETF(510500.XSHG),14100,50906.64,3.61,1460.99
2013-08-19,Cash,,279.35,,
2013-08-20,南方中证500ETF(510500.XSHG),14100,50604.9,3.589,1159.25
2013-08-20,Cash,,279.35,,
2013-08-21,南方中证500ETF(510500.XSHG),14100,50957.4,3.614,1511.75
2013-08-21,Cash,,279.35,,
2013-08-22,南方中证500ETF(510500.XSHG),14100,51208.38,3.632,1762.73
2013-08-22,Cash,,279.35,,
2013-08-23,南方中证500ETF(510500.XSHG),14100,51057.51,3.621,1611.86
2013-08-23,Cash,,279.35,,
2013-08-26,南方中证500ETF(510500.XSHG),14100,52164.36,3.7,2718.71
2013-08-26,Cash,,279.35,,
2013-08-27,南方中证500ETF(510500.XSHG),14100,52566.21,3.728,3120.56
2013-08-27,Cash,,279.35,,
2013-08-28,南方中证500ETF(510500.XSHG),14100,52264.47,3.707,2818.82
2013-08-28,Cash,,279.35,,
2013-08-29,南方中证500ETF(510500.XSHG),14100,52264.47,3.707,2818.82
2013-08-29,Cash,,279.35,,
2013-08-30,南方中证500ETF(510500.XSHG),14100,51711.75,3.668,2266.1
2013-08-30,Cash,,279.35,,
2013-09-02,南方中证500ETF(510500.XSHG),14100,51811.86,3.675,2366.21
2013-09-02,Cash,,279.35,,
2013-09-03,南方中证500ETF(510500.XSHG),14100,52818.6,3.746,3372.95
2013-09-03,Cash,,279.35,,
2013-09-04,南方中证500ETF(510500.XSHG),14100,52767.84,3.742,3322.19
2013-09-04,Cash,,279.35,,
2013-09-05,南方中证500ETF(510500.XSHG),14100,53069.58,3.764,3623.93
2013-09-05,Cash,,279.35,,
2013-09-06,南方中证500ETF(510500.XSHG),14100,53472.84,3.792,4027.19
2013-09-06,Cash,,279.35,,
2013-09-09,南方中证500ETF(510500.XSHG),14100,53874.69,3.821,4429.04
2013-09-09,Cash,,279.35,,
2013-09-10,南方中证500ETF(510500.XSHG),14100,54327.3,3.853,4881.65
2013-09-10,Cash,,279.35,,
2013-09-11,南方中证500ETF(510500.XSHG),14100,54125.67,3.839,4680.02
2013-09-11,Cash,,279.35,,
2013-09-12,南方中证500ETF(510500.XSHG),14100,53823.93,3.817,4378.28
2013-09-12,Cash,,279.35,,
2013-09-13,南方中证500ETF(510500.XSHG),14100,53974.8,3.828,4529.15
2013-09-13,Cash,,279.35,,
2013-09-16,南方中证500ETF(510500.XSHG),14100,53925.45,3.825,4479.8
2013-09-16,Cash,,279.35,,
2013-09-17,南方中证500ETF(510500.XSHG),14100,53774.58,3.814,4328.93
2013-09-17,Cash,,279.35,,
2013-09-18,南方中证500ETF(510500.XSHG),14100,53925.45,3.825,4479.8
2013-09-18,Cash,,279.35,,
2013-09-23,南方中证500ETF(510500.XSHG),14100,54981.54,3.899,5535.89
2013-09-23,Cash,,279.35,,
2013-09-24,南方中证500ETF(510500.XSHG),14100,54981.54,3.899,5535.89
2013-09-24,Cash,,279.35,,
2013-09-25,南方中证500ETF(510500.XSHG),14100,55081.65,3.907,5636
2013-09-25,Cash,,279.35,,
2013-09-26,南方中证500ETF(510500.XSHG),14100,54427.41,3.86,4981.76
2013-09-26,Cash,,279.35,,
2013-09-27,南方中证500ETF(510500.XSHG),14100,54125.67,3.839,4680.02
2013-09-27,Cash,,279.35,,
2013-09-30,南方中证500ETF(510500.XSHG),14100,55283.28,3.921,5837.63
2013-09-30,Cash,,279.35,,
2013-10-08,南方中证500ETF(510500.XSHG),14100,55484.91,3.935,6039.26
2013-10-08,Cash,,279.35,,
2013-10-09,南方中证500ETF(510500.XSHG),14100,56137.74,3.981,6692.09
2013-10-09,Cash,,279.35,,
2013-10-10,南方中证500ETF(510500.XSHG),14100,55886.76,3.964,6441.11
2013-10-10,Cash,,279.35,,
2013-10-11,南方中证500ETF(510500.XSHG),14100,56742.63,4.024,7296.98
2013-10-11,Cash,,279.35,,
2013-10-14,南方中证500ETF(510500.XSHG),14100,57295.35,4.064,7849.7
2013-10-14,Cash,,279.35,,
2013-10-15,南方中证500ETF(510500.XSHG),14100,57446.22,4.074,8000.57
2013-10-15,Cash,,279.35,,
2013-10-16,南方中证500ETF(510500.XSHG),14100,55836,3.96,6390.35
2013-10-16,Cash,,279.35,,
2013-10-17,南方中证500ETF(510500.XSHG),14100,55434.15,3.932,5988.5
2013-10-17,Cash,,279.35,,
2013-10-18,南方中证500ETF(510500.XSHG),14100,55986.87,3.971,6541.22
2013-10-18,Cash,,279.35,,
2013-10-21,南方中证500ETF(510500.XSHG),14100,57346.11,4.067,7900.46
2013-10-21,Cash,,279.35,,
2013-10-22,南方中证500ETF(510500.XSHG),14100,56791.98,4.028,7346.33
2013-10-22,Cash,,279.35,,
2013-10-23,南方中证500ETF(510500.XSHG),14100,55383.39,3.928,5937.74
2013-10-23,Cash,,279.35,,
2013-10-24,南方中证500ETF(510500.XSHG),14100,55183.17,3.914,5737.52
2013-10-24,Cash,,279.35,,
2013-10-25,南方中证500ETF(510500.XSHG),14100,53723.82,3.81,4278.17
2013-10-25,Cash,,279.35,,
2013-10-28,南方中证500ETF(510500.XSHG),14100,53623.71,3.803,4178.06
2013-10-28,Cash,,279.35,,
2013-10-29,南方中证500ETF(510500.XSHG),14100,52164.36,3.7,2718.71
2013-10-29,Cash,,279.35,,
2013-10-30,南方中证500ETF(510500.XSHG),14100,53020.23,3.76,3574.58
2013-10-30,Cash,,279.35,,
2013-10-31,南方中证500ETF(510500.XSHG),14100,52415.34,3.717,2969.69
2013-10-31,Cash,,279.35,,
2013-11-01,南方中证500ETF(510500.XSHG),14100,52215.12,3.703,2769.47
2013-11-01,Cash,,279.35,,
2013-11-04,南方中证500ETF(510500.XSHG),14100,52466.1,3.721,3020.45
2013-11-04,Cash,,279.35,,
2013-11-05,南方中证500ETF(510500.XSHG),14100,53171.1,3.771,3725.45
2013-11-05,Cash,,279.35,,
2013-11-06,南方中证500ETF(510500.XSHG),14100,52767.84,3.742,3322.19
2013-11-06,Cash,,279.35,,
2013-11-07,南方中证500ETF(510500.XSHG),14100,51962.73,3.685,2517.08
2013-11-07,Cash,,279.35,,
2013-11-08,南方中证500ETF(510500.XSHG),14100,51208.38,3.632,1762.73
2013-11-08,Cash,,279.35,,
2013-11-11,南方中证500ETF(510500.XSHG),14100,51410.01,3.646,1964.36
2013-11-11,Cash,,279.35,,
2013-11-12,南方中证500ETF(510500.XSHG),14100,51811.86,3.675,2366.21
2013-11-12,Cash,,279.35,,
2013-11-13,南方中证500ETF(510500.XSHG),14100,50957.4,3.614,1511.75
2013-11-13,Cash,,279.35,,
2013-11-14,南方中证500ETF(510500.XSHG),14100,51560.88,3.657,2115.23
2013-11-14,Cash,,279.35,,
2013-11-15,南方中证500ETF(510500.XSHG),14100,52667.73,3.735,3222.08
2013-11-15,Cash,,279.35,,
2013-11-18,南方中证500ETF(510500.XSHG),14100,53874.69,3.821,4429.04
2013-11-18,Cash,,279.35,,
2013-11-19,南方中证500ETF(510500.XSHG),14100,54125.67,3.839,4680.02
2013-11-19,Cash,,279.35,,
2013-11-20,南方中证500ETF(510500.XSHG),14100,54679.8,3.878,5234.15
2013-11-20,Cash,,279.35,,
2013-11-21,南方中证500ETF(510500.XSHG),14100,54478.17,3.864,5032.52
2013-11-21,Cash,,279.35,,
2013-11-22,南方中证500ETF(510500.XSHG),14100,54176.43,3.842,4730.78
2013-11-22,Cash,,279.35,,
2013-11-25,南方中证500ETF(510500.XSHG),14100,53974.8,3.828,4529.15
2013-11-25,Cash,,279.35,,
2013-11-26,南方中证500ETF(510500.XSHG),14100,54176.43,3.842,4730.78
2013-11-26,Cash,,279.35,,
2013-11-27,南方中证500ETF(510500.XSHG),14100,54730.56,3.882,5284.91
2013-11-27,Cash,,279.35,,
2013-11-28,南方中证500ETF(510500.XSHG),14100,55283.28,3.921,5837.63
2013-11-28,Cash,,279.35,,
2013-11-29,南方中证500ETF(510500.XSHG),14100,55534.26,3.939,6088.61
2013-11-29,Cash,,279.35,,
2013-12-02,南方中证500ETF(510500.XSHG),14100,53171.1,3.771,3725.45
2013-12-02,Cash,,279.35,,
2013-12-03,南方中证500ETF(510500.XSHG),14100,54327.3,3.853,4881.65
2013-12-03,Cash,,279.35,,
2013-12-04,南方中证500ETF(510500.XSHG),14100,55334.04,3.924,5888.39
2013-12-04,Cash,,279.35,,
2013-12-05,南方中证500ETF(510500.XSHG),14100,55334.04,3.924,5888.39
2013-12-05,Cash,,279.35,,
2013-12-06,南方中证500ETF(510500.XSHG),14100,55232.52,3.917,5786.87
2013-12-06,Cash,,279.35,,
2013-12-09,南方中证500ETF(510500.XSHG),14100,55585.02,3.942,6139.37
2013-12-09,Cash,,279.35,,
2013-12-10,南方中证500ETF(510500.XSHG),14100,55585.02,3.942,6139.37
2013-12-10,Cash,,279.35,,
2013-12-11,南方中证500ETF(510500.XSHG),14100,55032.3,3.903,5586.65
2013-12-11,Cash,,279.35,,
2013-12-12,南方中证500ETF(510500.XSHG),14100,55132.41,3.91,5686.76
2013-12-12,Cash,,279.35,,
2013-12-13,南方中证500ETF(510500.XSHG),14100,55232.52,3.917,5786.87
2013-12-13,Cash,,279.35,,
2013-12-16,南方中证500ETF(510500.XSHG),14100,54276.54,3.849,4830.89
2013-12-16,Cash,,279.35,,
2013-12-17,南方中证500ETF(510500.XSHG),14100,53925.45,3.825,4479.8
2013-12-17,Cash,,279.35,,
2013-12-18,南方中证500ETF(510500.XSHG),14100,53823.93,3.817,4378.28
2013-12-18,Cash,,279.35,,
2013-12-19,南方中证500ETF(510500.XSHG),14100,53422.08,3.789,3976.43
2013-12-19,Cash,,279.35,,
2013-12-20,南方中证500ETF(510500.XSHG),14100,52718.49,3.739,3272.84
2013-12-20,Cash,,279.35,,
2013-12-23,南方中证500ETF(510500.XSHG),14100,52616.97,3.732,3171.32
2013-12-23,Cash,,279.35,,
2013-12-24,南方中证500ETF(510500.XSHG),14100,52918.71,3.753,3473.06
2013-12-24,Cash,,279.35,,
2013-12-25,南方中证500ETF(510500.XSHG),14100,53572.95,3.8,4127.3
2013-12-25,Cash,,279.35,,
2013-12-26,南方中证500ETF(510500.XSHG),14100,52616.97,3.732,3171.32
2013-12-26,Cash,,279.35,,
2013-12-27,南方中证500ETF(510500.XSHG),14100,53472.84,3.792,4027.19
2013-12-27,Cash,,279.35,,
2013-12-30,南方中证500ETF(510500.XSHG),14100,53623.71,3.803,4178.06
2013-12-30,Cash,,279.35,,
2013-12-31,南方中证500ETF(510500.XSHG),14100,53874.69,3.821,4429.04
2013-12-31,Cash,,279.35,,
2014-01-02,南方中证500ETF(510500.XSHG),14100,54176.43,3.842,4730.78
2014-01-02,Cash,,279.35,,
2014-01-03,南方中证500ETF(510500.XSHG),14100,53823.93,3.817,4378.28
2014-01-03,Cash,,279.35,,
2014-01-06,南方中证500ETF(510500.XSHG),14100,52315.23,3.71,2869.58
2014-01-06,Cash,,279.35,,
2014-01-07,南方中证500ETF(510500.XSHG),14100,52516.86,3.725,3071.21
2014-01-07,Cash,,279.35,,
2014-01-08,南方中证500ETF(510500.XSHG),14100,52566.21,3.728,3120.56
2014-01-08,Cash,,279.35,,
2014-01-09,南方中证500ETF(510500.XSHG),14100,52064.25,3.693,2618.6
2014-01-09,Cash,,279.35,,
2014-01-10,南方中证500ETF(510500.XSHG),14100,51057.51,3.621,1611.86
2014-01-10,Cash,,279.35,,
2014-01-13,南方中证500ETF(510500.XSHG),14100,50806.53,3.603,1360.88
2014-01-13,Cash,,279.35,,
2014-01-14,南方中证500ETF(510500.XSHG),14100,51711.75,3.668,2266.1
2014-01-14,Cash,,279.35,,
2014-01-15,南方中证500ETF(510500.XSHG),14100,52013.49,3.689,2567.84
2014-01-15,Cash,,279.35,,
2014-01-16,南方中证500ETF(510500.XSHG),14100,52315.23,3.71,2869.58
2014-01-16,Cash,,279.35,,
2014-01-17,南方中证500ETF(510500.XSHG),14100,51611.64,3.66,2165.99
2014-01-17,Cash,,279.35,,
2014-01-20,南方中证500ETF(510500.XSHG),14100,51259.14,3.635,1813.49
2014-01-20,Cash,,279.35,,
2014-01-21,南方中证500ETF(510500.XSHG),14100,51862.62,3.678,2416.97
2014-01-21,Cash,,279.35,,
2014-01-22,南方中证500ETF(510500.XSHG),14100,53422.08,3.789,3976.43
2014-01-22,Cash,,279.35,,
2014-01-23,南方中证500ETF(510500.XSHG),14100,53823.93,3.817,4378.28
2014-01-23,Cash,,279.35,,
2014-01-24,南方中证500ETF(510500.XSHG),14100,54679.8,3.878,5234.15
2014-01-24,Cash,,279.35,,
2014-01-27,南方中证500ETF(510500.XSHG),14100,54629.04,3.874,5183.39
2014-01-27,Cash,,279.35,,
2014-01-28,南方中证500ETF(510500.XSHG),14100,54528.93,3.867,5083.28
2014-01-28,Cash,,279.35,,
2014-01-29,南方中证500ETF(510500.XSHG),14100,54930.78,3.896,5485.13
2014-01-29,Cash,,279.35,,
2014-01-30,南方中证500ETF(510500.XSHG),14100,54629.04,3.874,5183.39
2014-01-30,Cash,,279.35,,
2014-02-07,南方中证500ETF(510500.XSHG),14100,55685.13,3.949,6239.48
2014-02-07,Cash,,279.35,,
2014-02-10,南方中证500ETF(510500.XSHG),14100,57295.35,4.064,7849.7
2014-02-10,Cash,,279.35,,
2014-02-11,南方中证500ETF(510500.XSHG),14100,57446.22,4.074,8000.57
2014-02-11,Cash,,279.35,,
2014-02-12,南方中证500ETF(510500.XSHG),14100,58049.7,4.117,8604.05
2014-02-12,Cash,,279.35,,
2014-02-13,南方中证500ETF(510500.XSHG),14100,57195.24,4.056,7749.59
2014-02-13,Cash,,279.35,,
2014-02-14,南方中证500ETF(510500.XSHG),14100,58151.22,4.124,8705.57
2014-02-14,Cash,,279.35,,
2014-02-17,南方中证500ETF(510500.XSHG),14100,59256.66,4.203,9811.01
2014-02-17,Cash,,279.35,,
2014-02-18,南方中证500ETF(510500.XSHG),14100,59105.79,4.192,9660.14
2014-02-18,Cash,,279.35,,
2014-02-19,南方中证500ETF(510500.XSHG),14100,59156.55,4.196,9710.9
2014-02-19,Cash,,279.35,,
2014-02-20,南方中证500ETF(510500.XSHG),14100,58302.09,4.135,8856.44
2014-02-20,Cash,,279.35,,
2014-02-21,南方中证500ETF(510500.XSHG),14100,57949.59,4.11,8503.94
2014-02-21,Cash,,279.35,,
2014-02-24,南方中证500ETF(510500.XSHG),14100,57697.2,4.092,8251.55
2014-02-24,Cash,,279.35,,
2014-02-25,南方中证500ETF(510500.XSHG),14100,55685.13,3.949,6239.48
2014-02-25,Cash,,279.35,,
2014-02-26,南方中证500ETF(510500.XSHG),14100,55986.87,3.971,6541.22
2014-02-26,Cash,,279.35,,
2014-02-27,南方中证500ETF(510500.XSHG),14100,55232.52,3.917,5786.87
2014-02-27,Cash,,279.35,,
2014-02-28,南方中证500ETF(510500.XSHG),14100,55836,3.96,6390.35
2014-02-28,Cash,,279.35,,
2014-03-03,南方中证500ETF(510500.XSHG),14100,56993.61,4.042,7547.96
2014-03-03,Cash,,279.35,,
2014-03-04,南方中证500ETF(510500.XSHG),14100,56942.85,4.039,7497.2
2014-03-04,Cash,,279.35,,
2014-03-05,南方中证500ETF(510500.XSHG),14100,56641.11,4.017,7195.46
2014-03-05,Cash,,279.35,,
2014-03-06,南方中证500ETF(510500.XSHG),14100,56591.76,4.014,7146.11
2014-03-06,Cash,,279.35,,
2014-03-07,南方中证500ETF(510500.XSHG),14100,56390.13,3.999,6944.48
2014-03-07,Cash,,279.35,,
2014-03-10,南方中证500ETF(510500.XSHG),14100,54276.54,3.849,4830.89
2014-03-10,Cash,,279.35,,
2014-03-11,南方中证500ETF(510500.XSHG),14100,54327.3,3.853,4881.65
2014-03-11,Cash,,279.35,,
2014-03-12,南方中证500ETF(510500.XSHG),14100,54327.3,3.853,4881.65
2014-03-12,Cash,,279.35,,
2014-03-13,南方中证500ETF(510500.XSHG),14100,54930.78,3.896,5485.13
2014-03-13,Cash,,279.35,,
2014-03-14,南方中证500ETF(510500.XSHG),14100,54579.69,3.871,5134.04
2014-03-14,Cash,,279.35,,
2014-03-17,南方中证500ETF(510500.XSHG),14100,55786.65,3.957,6341
2014-03-17,Cash,,279.35,,
2014-03-18,南方中证500ETF(510500.XSHG),14100,56088.39,3.978,6642.74
2014-03-18,Cash,,279.35,,
2014-03-19,南方中证500ETF(510500.XSHG),14100,55886.76,3.964,6441.11
2014-03-19,Cash,,279.35,,
2014-03-20,南方中证500ETF(510500.XSHG),14100,54478.17,3.864,5032.52
2014-03-20,Cash,,279.35,,
2014-03-21,南方中证500ETF(510500.XSHG),14100,55484.91,3.935,6039.26
2014-03-21,Cash,,279.35,,
2014-03-24,南方中证500ETF(510500.XSHG),14100,55986.87,3.971,6541.22
2014-03-24,Cash,,279.35,,
2014-03-25,南方中证500ETF(510500.XSHG),14100,55986.87,3.971,6541.22
2014-03-25,Cash,,279.35,,
2014-03-26,南方中证500ETF(510500.XSHG),14100,56188.5,3.985,6742.85
2014-03-26,Cash,,279.35,,
2014-03-27,南方中证500ETF(510500.XSHG),14100,55434.15,3.932,5988.5
2014-03-27,Cash,,279.35,,
2014-03-28,南方中证500ETF(510500.XSHG),14100,54227.19,3.846,4781.54
2014-03-28,Cash,,279.35,,
2014-03-31,南方中证500ETF(510500.XSHG),14100,53925.45,3.825,4479.8
2014-03-31,Cash,,279.35,,
2014-04-01,南方中证500ETF(510500.XSHG),14100,54779.91,3.885,5334.26
2014-04-01,Cash,,279.35,,
2014-04-02,南方中证500ETF(510500.XSHG),14100,54830.67,3.889,5385.02
2014-04-02,Cash,,279.35,,
2014-04-03,南方中证500ETF(510500.XSHG),14100,54730.56,3.882,5284.91
2014-04-03,Cash,,279.35,,
2014-04-04,南方中证500ETF(510500.XSHG),14100,55283.28,3.921,5837.63
2014-04-04,Cash,,279.35,,
2014-04-08,南方中证500ETF(510500.XSHG),14100,55937.52,3.967,6491.87
2014-04-08,Cash,,279.35,,
2014-04-09,南方中证500ETF(510500.XSHG),14100,56440.89,4.003,6995.24
2014-04-09,Cash,,279.35,,
2014-04-10,南方中证500ETF(510500.XSHG),14100,56691.87,4.021,7246.22
2014-04-10,Cash,,279.35,,
2014-04-11,南方中证500ETF(510500.XSHG),14100,56440.89,4.003,6995.24
2014-04-11,Cash,,279.35,,
2014-04-14,南方中证500ETF(510500.XSHG),14100,56893.5,4.035,7447.85
2014-04-14,Cash,,279.35,,
2014-04-15,南方中证500ETF(510500.XSHG),14100,56490.24,4.006,7044.59
2014-04-15,Cash,,279.35,,
2014-04-16,南方中证500ETF(510500.XSHG),14100,56440.89,4.003,6995.24
2014-04-16,Cash,,279.35,,
2014-04-17,南方中证500ETF(510500.XSHG),14100,56390.13,3.999,6944.48
2014-04-17,Cash,,279.35,,
2014-04-18,南方中证500ETF(510500.XSHG),14100,56641.11,4.017,7195.46
2014-04-18,Cash,,279.35,,
2014-04-21,南方中证500ETF(510500.XSHG),14100,55685.13,3.949,6239.48
2014-04-21,Cash,,279.35,,
2014-04-22,南方中证500ETF(510500.XSHG),14100,55383.39,3.928,5937.74
2014-04-22,Cash,,279.35,,
2014-04-23,南方中证500ETF(510500.XSHG),14100,55132.41,3.91,5686.76
2014-04-23,Cash,,279.35,,
2014-04-24,南方中证500ETF(510500.XSHG),14100,54579.69,3.871,5134.04
2014-04-24,Cash,,279.35,,
2014-04-25,南方中证500ETF(510500.XSHG),14100,53371.32,3.785,3925.67
2014-04-25,Cash,,279.35,,
2014-04-28,南方中证500ETF(510500.XSHG),14100,51762.51,3.671,2316.86
2014-04-28,Cash,,279.35,,
2014-04-29,南方中证500ETF(510500.XSHG),14100,52466.1,3.721,3020.45
2014-04-29,Cash,,279.35,,
2014-04-30,南方中证500ETF(510500.XSHG),14100,52869.36,3.75,3423.71
2014-04-30,Cash,,279.35,,
2014-05-05,南方中证500ETF(510500.XSHG),14100,53321.97,3.782,3876.32
2014-05-05,Cash,,279.35,,
2014-05-06,南方中证500ETF(510500.XSHG),14100,53522.19,3.796,4076.54
2014-05-06,Cash,,279.35,,
2014-05-07,南方中证500ETF(510500.XSHG),14100,52667.73,3.735,3222.08
2014-05-07,Cash,,279.35,,
2014-05-08,南方中证500ETF(510500.XSHG),14100,52718.49,3.739,3272.84
2014-05-08,Cash,,279.35,,
2014-05-09,南方中证500ETF(510500.XSHG),14100,52215.12,3.703,2769.47
2014-05-09,Cash,,279.35,,
2014-05-12,南方中证500ETF(510500.XSHG),14100,53572.95,3.8,4127.3
2014-05-12,Cash,,279.35,,
2014-05-13,南方中证500ETF(510500.XSHG),14100,53472.84,3.792,4027.19
2014-05-13,Cash,,279.35,,
2014-05-14,南方中证500ETF(510500.XSHG),14100,53321.97,3.782,3876.32
2014-05-14,Cash,,279.35,,
2014-05-15,南方中证500ETF(510500.XSHG),14100,52466.1,3.721,3020.45
2014-05-15,Cash,,279.35,,
2014-05-16,南方中证500ETF(510500.XSHG),14100,52365.99,3.714,2920.34
2014-05-16,Cash,,279.35,,
2014-05-19,南方中证500ETF(510500.XSHG),14100,51962.73,3.685,2517.08
2014-05-19,Cash,,279.35,,
2014-05-20,南方中证500ETF(510500.XSHG),14100,52215.12,3.703,2769.47
2014-05-20,Cash,,279.35,,
2014-05-21,南方中证500ETF(510500.XSHG),14100,52667.73,3.735,3222.08
2014-05-21,Cash,,279.35,,
2014-05-22,南方中证500ETF(510500.XSHG),14100,52667.73,3.735,3222.08
2014-05-22,Cash,,279.35,,
2014-05-23,南方中证500ETF(510500.XSHG),14100,53321.97,3.782,3876.32
2014-05-23,Cash,,279.35,,
2014-05-26,南方中证500ETF(510500.XSHG),14100,53874.69,3.821,4429.04
2014-05-26,Cash,,279.35,,
2014-05-27,南方中证500ETF(510500.XSHG),14100,53673.06,3.807,4227.41
2014-05-27,Cash,,279.35,,
2014-05-28,南方中证500ETF(510500.XSHG),14100,54327.3,3.853,4881.65
2014-05-28,Cash,,279.35,,
2014-05-29,南方中证500ETF(510500.XSHG),14100,53723.82,3.81,4278.17
2014-05-29,Cash,,279.35,,
2014-05-30,南方中证500ETF(510500.XSHG),14100,53874.69,3.821,4429.04
2014-05-30,Cash,,279.35,,
2014-06-03,南方中证500ETF(510500.XSHG),14100,53723.82,3.81,4278.17
2014-06-03,Cash,,279.35,,
2014-06-04,南方中证500ETF(510500.XSHG),14100,53321.97,3.782,3876.32
2014-06-04,Cash,,279.35,,
2014-06-05,南方中证500ETF(510500.XSHG),14100,53925.45,3.825,4479.8
2014-06-05,Cash,,279.35,,
2014-06-06,南方中证500ETF(510500.XSHG),14100,53774.58,3.814,4328.93
2014-06-06,Cash,,279.35,,
2014-06-09,南方中证500ETF(510500.XSHG),14100,53371.32,3.785,3925.67
2014-06-09,Cash,,279.35,,
2014-06-10,南方中证500ETF(510500.XSHG),14100,54076.32,3.835,4630.67
2014-06-10,Cash,,279.35,,
2014-06-11,南方中证500ETF(510500.XSHG),14100,54327.3,3.853,4881.65
2014-06-11,Cash,,279.35,,
2014-06-12,南方中证500ETF(510500.XSHG),14100,54227.19,3.846,4781.54
2014-06-12,Cash,,279.35,,
2014-06-13,南方中证500ETF(510500.XSHG),14100,54830.67,3.889,5385.02
2014-06-13,Cash,,279.35,,
2014-06-16,南方中证500ETF(510500.XSHG),14100,55081.65,3.907,5636
2014-06-16,Cash,,279.35,,
2014-06-17,南方中证500ETF(510500.XSHG),14100,54629.04,3.874,5183.39
2014-06-17,Cash,,279.35,,
2014-06-18,南方中证500ETF(510500.XSHG),14100,54378.06,3.857,4932.41
2014-06-18,Cash,,279.35,,
2014-06-19,南方中证500ETF(510500.XSHG),14100,52869.36,3.75,3423.71
2014-06-19,Cash,,279.35,,
2014-06-20,南方中证500ETF(510500.XSHG),14100,53371.32,3.785,3925.67
2014-06-20,Cash,,279.35,,
2014-06-23,南方中证500ETF(510500.XSHG),14100,53774.58,3.814,4328.93
2014-06-23,Cash,,279.35,,
2014-06-24,南方中证500ETF(510500.XSHG),14100,54125.67,3.839,4680.02
2014-06-24,Cash,,279.35,,
2014-06-25,南方中证500ETF(510500.XSHG),14100,53823.93,3.817,4378.28
2014-06-25,Cash,,279.35,,
2014-06-26,南方中证500ETF(510500.XSHG),14100,54528.93,3.867,5083.28
2014-06-26,Cash,,279.35,,
2014-06-27,南方中证500ETF(510500.XSHG),14100,54830.67,3.889,5385.02
2014-06-27,Cash,,279.35,,
2014-06-30,南方中证500ETF(510500.XSHG),14100,55383.39,3.928,5937.74
2014-06-30,Cash,,279.35,,
2014-07-01,南方中证500ETF(510500.XSHG),14100,55786.65,3.957,6341
2014-07-01,Cash,,279.35,,
2014-07-02,南方中证500ETF(510500.XSHG),14100,56188.5,3.985,6742.85
2014-07-02,Cash,,279.35,,
2014-07-03,南方中证500ETF(510500.XSHG),14100,56742.63,4.024,7296.98
2014-07-03,Cash,,279.35,,
2014-07-04,南方中证500ETF(510500.XSHG),14100,56591.76,4.014,7146.11
2014-07-04,Cash,,279.35,,
2014-07-07,南方中证500ETF(510500.XSHG),14100,56691.87,4.021,7246.22
2014-07-07,Cash,,279.35,,
2014-07-08,南方中证500ETF(510500.XSHG),14100,57093.72,4.049,7648.07
2014-07-08,Cash,,279.35,,
2014-07-09,南方中证500ETF(510500.XSHG),14100,56239.26,3.989,6793.61
2014-07-09,Cash,,279.35,,
2014-07-10,南方中证500ETF(510500.XSHG),14100,56188.5,3.985,6742.85
2014-07-10,Cash,,279.35,,
2014-07-11,南方中证500ETF(510500.XSHG),14100,56942.85,4.039,7497.2
2014-07-11,Cash,,279.35,,
2014-07-14,南方中证500ETF(510500.XSHG),14100,57747.96,4.096,8302.31
2014-07-14,Cash,,279.35,,
2014-07-15,南方中证500ETF(510500.XSHG),14100,57848.07,4.103,8402.42
2014-07-15,Cash,,279.35,,
2014-07-16,南方中证500ETF(510500.XSHG),14100,57395.46,4.071,7949.81
2014-07-16,Cash,,279.35,,
2014-07-17,南方中证500ETF(510500.XSHG),14100,56993.61,4.042,7547.96
2014-07-17,Cash,,279.35,,
2014-07-18,南方中证500ETF(510500.XSHG),14100,57093.72,4.049,7648.07
2014-07-18,Cash,,279.35,,
2014-07-21,南方中证500ETF(510500.XSHG),14100,56942.85,4.039,7497.2
2014-07-21,Cash,,279.35,,
2014-07-22,南方中证500ETF(510500.XSHG),14100,57747.96,4.096,8302.31
2014-07-22,Cash,,279.35,,
2014-07-23,南方中证500ETF(510500.XSHG),14100,57346.11,4.067,7900.46
2014-07-23,Cash,,279.35,,
2014-07-24,南方中证500ETF(510500.XSHG),14100,57295.35,4.064,7849.7
2014-07-24,Cash,,279.35,,
2014-07-25,南方中证500ETF(510500.XSHG),14100,57798.72,4.099,8353.07
2014-07-25,Cash,,279.35,,
2014-07-28,南方中证500ETF(510500.XSHG),14100,58804.05,4.171,9358.4
2014-07-28,Cash,,279.35,,
2014-07-29,南方中证500ETF(510500.XSHG),14100,59358.18,4.21,9912.53
2014-07-29,Cash,,279.35,,
2014-07-30,南方中证500ETF(510500.XSHG),14100,59458.29,4.217,10012.64
2014-07-30,Cash,,279.35,,
2014-07-31,南方中证500ETF(510500.XSHG),14100,60163.29,4.267,10717.64
2014-07-31,Cash,,279.35,,
2014-08-01,南方中证500ETF(510500.XSHG),14100,59609.16,4.228,10163.51
2014-08-01,Cash,,279.35,,
2014-08-04,南方中证500ETF(510500.XSHG),14100,60414.27,4.285,10968.62
2014-08-04,Cash,,279.35,,
2014-08-05,南方中证500ETF(510500.XSHG),14100,60665.25,4.303,11219.6
2014-08-05,Cash,,279.35,,
2014-08-06,南方中证500ETF(510500.XSHG),14100,61117.86,4.335,11672.21
2014-08-06,Cash,,279.35,,
2014-08-07,南方中证500ETF(510500.XSHG),14100,60565.14,4.295,11119.49
2014-08-07,Cash,,279.35,,
2014-08-08,南方中证500ETF(510500.XSHG),14100,60866.88,4.317,11421.23
2014-08-08,Cash,,279.35,,
2014-08-11,南方中证500ETF(510500.XSHG),14100,61822.86,4.385,12377.21
2014-08-11,Cash,,279.35,,
2014-08-12,南方中证500ETF(510500.XSHG),14100,62175.36,4.41,12729.71
2014-08-12,Cash,,279.35,,
2014-08-13,南方中证500ETF(510500.XSHG),14100,62175.36,4.41,12729.71
2014-08-13,Cash,,279.35,,
2014-08-14,南方中证500ETF(510500.XSHG),14100,61772.1,4.381,12326.45
2014-08-14,Cash,,279.35,,
2014-08-15,南方中证500ETF(510500.XSHG),14100,62526.45,4.435,13080.8
2014-08-15,Cash,,279.35,,
2014-08-18,南方中证500ETF(510500.XSHG),14100,63433.08,4.499,13987.43
2014-08-18,Cash,,279.35,,
2014-08-19,南方中证500ETF(510500.XSHG),14100,63583.95,4.51,14138.3
2014-08-19,Cash,,279.35,,
2014-08-20,南方中证500ETF(510500.XSHG),14100,63583.95,4.51,14138.3
2014-08-20,Cash,,279.35,,
2014-08-21,南方中证500ETF(510500.XSHG),14100,63482.43,4.502,14036.78
2014-08-21,Cash,,279.35,,
2014-08-22,南方中证500ETF(510500.XSHG),14100,63885.69,4.531,14440.04
2014-08-22,Cash,,279.35,,
2014-08-25,南方中证500ETF(510500.XSHG),14100,63382.32,4.495,13936.67
2014-08-25,Cash,,279.35,,
2014-08-26,南方中证500ETF(510500.XSHG),14100,62375.58,4.424,12929.93
2014-08-26,Cash,,279.35,,
2014-08-27,南方中证500ETF(510500.XSHG),14100,62426.34,4.427,12980.69
2014-08-27,Cash,,279.35,,
2014-08-28,南方中证500ETF(510500.XSHG),14100,61873.62,4.388,12427.97
2014-08-28,Cash,,279.35,,
2014-08-29,南方中证500ETF(510500.XSHG),14100,62627.97,4.442,13182.32
2014-08-29,Cash,,279.35,,
2014-09-01,南方中证500ETF(510500.XSHG),14100,63684.06,4.517,14238.41
2014-09-01,Cash,,279.35,,
2014-09-02,南方中证500ETF(510500.XSHG),14100,64689.39,4.588,15243.74
2014-09-02,Cash,,279.35,,
2014-09-03,南方中证500ETF(510500.XSHG),14100,65192.76,4.624,15747.11
2014-09-03,Cash,,279.35,,
2014-09-04,南方中证500ETF(510500.XSHG),14100,65645.37,4.656,16199.72
2014-09-04,Cash,,279.35,,
2014-09-05,南方中证500ETF(510500.XSHG),14100,65947.11,4.677,16501.46
2014-09-05,Cash,,279.35,,
2014-09-09,南方中证500ETF(510500.XSHG),14100,66450.48,4.713,17004.83
2014-09-09,Cash,,279.35,,
2014-09-10,南方中证500ETF(510500.XSHG),14100,66550.59,4.72,17104.94
2014-09-10,Cash,,279.35,,
2014-09-11,南方中证500ETF(510500.XSHG),14100,66450.48,4.713,17004.83
2014-09-11,Cash,,279.35,,
2014-09-12,南方中证500ETF(510500.XSHG),14100,67255.59,4.77,17809.94
2014-09-12,Cash,,279.35,,
2014-09-15,南方中证500ETF(510500.XSHG),14100,67859.07,4.813,18413.42
2014-09-15,Cash,,279.35,,
2014-09-16,南方中证500ETF(510500.XSHG),14100,65645.37,4.656,16199.72
2014-09-16,Cash,,279.35,,
2014-09-17,南方中证500ETF(510500.XSHG),14100,66199.5,4.695,16753.85
2014-09-17,Cash,,279.35,,
2014-09-18,南方中证500ETF(510500.XSHG),14100,66652.11,4.727,17206.46
2014-09-18,Cash,,279.35,,
2014-09-19,南方中证500ETF(510500.XSHG),14100,67255.59,4.77,17809.94
2014-09-19,Cash,,279.35,,
2014-09-22,南方中证500ETF(510500.XSHG),14100,66299.61,4.702,16853.96
2014-09-22,Cash,,279.35,,
2014-09-23,南方中证500ETF(510500.XSHG),14100,67204.83,4.766,17759.18
2014-09-23,Cash,,279.35,,
2014-09-24,南方中证500ETF(510500.XSHG),14100,68110.05,4.831,18664.4
2014-09-24,Cash,,279.35,,
2014-09-25,南方中证500ETF(510500.XSHG),14100,68009.94,4.823,18564.29
2014-09-25,Cash,,279.35,,
2014-09-26,南方中证500ETF(510500.XSHG),14100,68260.92,4.841,18815.27
2014-09-26,Cash,,279.35,,
2014-09-29,南方中证500ETF(510500.XSHG),14100,69016.68,4.895,19571.03
2014-09-29,Cash,,279.35,,
2014-09-30,南方中证500ETF(510500.XSHG),14100,69469.29,4.927,20023.64
2014-09-30,Cash,,279.35,,
2014-10-08,南方中证500ETF(510500.XSHG),14100,70676.25,5.013,21230.6
2014-10-08,Cash,,279.35,,
2014-10-09,南方中证500ETF(510500.XSHG),14100,70727.01,5.016,21281.36
2014-10-09,Cash,,279.35,,
2014-10-10,南方中证500ETF(510500.XSHG),14100,70374.51,4.991,20928.86
2014-10-10,Cash,,279.35,,
2014-10-13,南方中证500ETF(510500.XSHG),14100,70423.86,4.995,20978.21
2014-10-13,Cash,,279.35,,
2014-10-14,南方中证500ETF(510500.XSHG),8300,41277.56,4.973,12171.26
2014-10-14,Cash,,29001.17,,
2014-10-15,南方中证500ETF(510500.XSHG),4800,23974.08,4.995,7141.52
2014-10-15,Cash,,46443.67,,
2014-10-16,南方中证500ETF(510500.XSHG),2900,14267.13,4.92,4097.46
2014-10-16,Cash,,55849.18,,
2014-10-17,南方中证500ETF(510500.XSHG),2900,14122.42,4.87,3952.75
2014-10-17,Cash,,55849.18,,
2014-10-20,南方中证500ETF(510500.XSHG),1800,8887.68,4.938,2575.47
2014-10-20,Cash,,61257.06,,
2014-10-21,南方中证500ETF(510500.XSHG),1800,8804.16,4.891,2491.95
2014-10-21,Cash,,61257.06,,
2014-10-22,南方中证500ETF(510500.XSHG),1800,8694.9,4.831,2382.69
2014-10-22,Cash,,61257.06,,
2014-10-23,南方中证500ETF(510500.XSHG),1800,8585.82,4.77,2273.61
2014-10-23,Cash,,61257.06,,
2014-10-24,南方中证500ETF(510500.XSHG),1800,8611.56,4.784,2299.35
2014-10-24,Cash,,61257.06,,
2014-10-27,南方中证500ETF(510500.XSHG),1800,8675.64,4.82,2363.43
2014-10-27,Cash,,61257.06,,
2014-10-28,南方中证500ETF(510500.XSHG),2000,9868,4.934,2570.63
2014-10-28,Cash,,60266.9,,
2014-10-29,南方中证500ETF(510500.XSHG),2200,11019.58,5.009,2723.49
2014-10-29,Cash,,59263.18,,
2014-10-30,南方中证500ETF(510500.XSHG),2400,11995.68,4.998,2700.15
2014-10-30,Cash,,58258.74,,
2014-10-31,南方中证500ETF(510500.XSHG),2600,13004.68,5.002,2711.15
2014-10-31,Cash,,57255.74,,
2014-11-03,南方中证500ETF(510500.XSHG),2700,13610.7,5.041,2814.94
2014-11-03,Cash,,56748.51,,
2014-11-04,南方中证500ETF(510500.XSHG),2800,14035,5.013,2737.73
2014-11-04,Cash,,56242,,
2014-11-05,南方中证500ETF(510500.XSHG),2900,14515.66,5.005,2716.16
2014-11-05,Cash,,55734.77,,
2014-11-06,南方中证500ETF(510500.XSHG),3000,15123,5.041,2819.85
2014-11-06,Cash,,55226.12,,
2014-11-07,南方中证500ETF(510500.XSHG),3000,14962.5,4.988,2659.35
2014-11-07,Cash,,55226.12,,
2014-11-10,南方中证500ETF(510500.XSHG),3100,15627.1,5.041,2821.01
2014-11-10,Cash,,54718.18,,
2014-11-11,南方中证500ETF(510500.XSHG),3300,16129.08,4.888,2345.69
2014-11-11,Cash,,53735.88,,
2014-11-12,南方中证500ETF(510500.XSHG),3300,16400.01,4.97,2616.62
2014-11-12,Cash,,53735.88,,
2014-11-13,南方中证500ETF(510500.XSHG),3300,16270.32,4.93,2486.93
2014-11-13,Cash,,53735.88,,
2014-11-14,南方中证500ETF(510500.XSHG),3300,16223.46,4.916,2440.07
2014-11-14,Cash,,53735.88,,
2014-11-17,南方中证500ETF(510500.XSHG),3500,17393.95,4.97,2613.98
2014-11-17,Cash,,52734.3,,
2014-11-18,南方中证500ETF(510500.XSHG),3700,18374.57,4.966,2599.44
2014-11-18,Cash,,51734.14,,
2014-11-19,南方中证500ETF(510500.XSHG),3900,19465.29,4.991,2690.72
2014-11-19,Cash,,50729.7,,
2014-11-20,南方中证500ETF(510500.XSHG),4100,20433.99,4.984,2663.56
2014-11-20,Cash,,49728.84,,
2014-11-21,南方中证500ETF(510500.XSHG),4200,21172.2,5.041,2898.12
2014-11-21,Cash,,49220.19,,
2014-11-24,南方中证500ETF(510500.XSHG),4300,22029.33,5.123,3243.74
2014-11-24,Cash,,48703.68,,
2014-11-25,南方中证500ETF(510500.XSHG),4400,22871.2,5.198,3566.24
2014-11-25,Cash,,48179.31,,
2014-11-26,南方中证500ETF(510500.XSHG),4500,23471.1,5.216,3644.27
2014-11-26,Cash,,47652.44,,
2014-11-27,南方中证500ETF(510500.XSHG),4600,24190.02,5.259,3839.54
2014-11-27,Cash,,47123.79,,
2014-11-28,南方中证500ETF(510500.XSHG),4700,24631.76,5.241,3756.56
2014-11-28,Cash,,46594.07,,
2014-12-01,南方中证500ETF(510500.XSHG),4800,25035.84,5.216,3638.06
2014-12-01,Cash,,46066.49,,
2014-12-02,南方中证500ETF(510500.XSHG),4900,25889.64,5.284,3963.56
2014-12-02,Cash,,45533.19,,
2014-12-03,南方中证500ETF(510500.XSHG),5000,26757,5.351,4295.12
2014-12-03,Cash,,44992.39,,
2014-12-04,南方中证500ETF(510500.XSHG),5100,27837.84,5.458,4829.8
2014-12-04,Cash,,44441.23,,
2014-12-05,南方中证500ETF(510500.XSHG),5300,28343.34,5.348,4267.98
2014-12-05,Cash,,43363.91,,
2014-12-08,南方中证500ETF(510500.XSHG),5400,29263.68,5.419,4644.66
2014-12-08,Cash,,42815.25,,
2014-12-09,南方中证500ETF(510500.XSHG),5500,28589,5.198,3439.9
2014-12-09,Cash,,42280.17,,
2014-12-10,南方中证500ETF(510500.XSHG),5500,29707.7,5.401,4558.6
2014-12-10,Cash,,42280.17,,
2014-12-11,南方中证500ETF(510500.XSHG),5600,30626.96,5.469,4932.42
2014-12-11,Cash,,41729.73,,
2014-12-12,南方中证500ETF(510500.XSHG),5700,31356.84,5.501,5111.5
2014-12-12,Cash,,41173.93,,
2014-12-15,南方中证500ETF(510500.XSHG),5800,32424.32,5.59,5619.96
2014-12-15,Cash,,40609.91,,
2014-12-16,南方中证500ETF(510500.XSHG),5900,33046.49,5.601,5682.75
2014-12-16,Cash,,40045.53,,
2014-12-17,南方中证500ETF(510500.XSHG),6100,33905.63,5.558,5435.29
2014-12-17,Cash,,38928.93,,
2014-12-18,南方中证500ETF(510500.XSHG),6200,34550.12,5.573,5522.55
2014-12-18,Cash,,38366.7,,
2014-12-19,南方中证500ETF(510500.XSHG),6200,34240.74,5.523,5213.17
2014-12-19,Cash,,38366.7,,
2014-12-22,南方中证500ETF(510500.XSHG),6300,33466.86,5.312,3904.56
2014-12-22,Cash,,37826.97,,
2014-12-23,南方中证500ETF(510500.XSHG),6400,33244.16,5.194,3157.5
2014-12-23,Cash,,37297.61,,
2014-12-24,南方中证500ETF(510500.XSHG),6400,33678.08,5.262,3591.42
2014-12-24,Cash,,37297.61,,
2014-12-25,南方中证500ETF(510500.XSHG),6400,34340.48,5.366,4253.82
2014-12-25,Cash,,37297.61,,
2014-12-26,南方中证500ETF(510500.XSHG),6500,35224.8,5.419,4596.99
2014-12-26,Cash,,36751.46,,
2014-12-29,南方中证500ETF(510500.XSHG),6700,35758.57,5.337,4057.02
2014-12-29,Cash,,35667.72,,
2014-12-30,南方中证500ETF(510500.XSHG),6800,35661.92,5.244,3434.57
2014-12-30,Cash,,35136.92,,
2014-12-31,南方中证500ETF(510500.XSHG),6800,36122.96,5.312,3895.61
2014-12-31,Cash,,35136.92,,
2015-01-05,南方中证500ETF(510500.XSHG),6900,37244.82,5.398,4475.24
2015-01-05,Cash,,34589.69,,
2015-01-06,南方中证500ETF(510500.XSHG),7000,38358.6,5.48,5042.15
2015-01-06,Cash,,34037.82,,
2015-01-07,南方中证500ETF(510500.XSHG),7100,38932.14,5.483,5066.68
2015-01-07,Cash,,33483.81,,
2015-01-08,南方中证500ETF(510500.XSHG),7200,39121.2,5.434,4707.09
2015-01-08,Cash,,32930.16,,
2015-01-09,南方中证500ETF(510500.XSHG),7300,39455.77,5.405,4492.65
2015-01-09,Cash,,32376.15,,
2015-01-12,南方中证500ETF(510500.XSHG),7400,39415.36,5.326,3918.58
2015-01-12,Cash,,31837.49,,
2015-01-13,南方中证500ETF(510500.XSHG),7400,39970.36,5.401,4473.58
2015-01-13,Cash,,31837.49,,
2015-01-14,南方中证500ETF(510500.XSHG),7400,39812,5.38,4315.22
2015-01-14,Cash,,31837.49,,
2015-01-15,南方中证500ETF(510500.XSHG),7500,41018.25,5.469,4978.17
2015-01-15,Cash,,31289.19,,
2015-01-16,南方中证500ETF(510500.XSHG),7600,41945.16,5.519,5353.2
2015-01-16,Cash,,30732.31,,
2015-01-19,南方中证500ETF(510500.XSHG),7700,40656.77,5.28,3536.51
2015-01-19,Cash,,30199.01,,
2015-01-20,南方中证500ETF(510500.XSHG),7800,42631.68,5.466,4968.47
2015-01-20,Cash,,29651.06,,
2015-01-21,南方中证500ETF(510500.XSHG),7900,44248.69,5.601,6024.68
2015-01-21,Cash,,29085.26,,
2015-01-22,南方中证500ETF(510500.XSHG),8000,45551.2,5.694,6756.74
2015-01-22,Cash,,28509.81,,
2015-01-23,南方中证500ETF(510500.XSHG),8200,46251.28,5.64,6328.78
2015-01-23,Cash,,27371.77,,
2015-01-26,南方中证500ETF(510500.XSHG),8300,47822.11,5.762,7323.8
2015-01-26,Cash,,26790.96,,
2015-01-27,南方中证500ETF(510500.XSHG),8400,48518.4,5.776,7444.28
2015-01-27,Cash,,26210.15,,
2015-01-28,南方中证500ETF(510500.XSHG),8500,48852.9,5.747,7201.9
2015-01-28,Cash,,25628.27,,
2015-01-29,南方中证500ETF(510500.XSHG),8600,49120.62,5.712,6894.88
2015-01-29,Cash,,25048.53,,
2015-01-30,南方中证500ETF(510500.XSHG),8600,48538.4,5.644,6312.66
2015-01-30,Cash,,25048.53,,
2015-02-02,南方中证500ETF(510500.XSHG),8600,48323.4,5.619,6097.66
2015-02-02,Cash,,25048.53,,
2015-02-03,南方中证500ETF(510500.XSHG),8700,49784.88,5.722,6985.84
2015-02-03,Cash,,24470.23,,
2015-02-04,南方中证500ETF(510500.XSHG),8800,50106.32,5.694,6734.69
2015-02-04,Cash,,23892.64,,
2015-02-05,南方中证500ETF(510500.XSHG),8900,50326.83,5.655,6385.11
2015-02-05,Cash,,23317.55,,
2015-02-06,南方中证500ETF(510500.XSHG),9000,49896.9,5.544,5399.74
2015-02-06,Cash,,22757.11,,
2015-02-09,南方中证500ETF(510500.XSHG),9000,49608,5.512,5110.84
2015-02-09,Cash,,22757.11,,
2015-02-10,南方中证500ETF(510500.XSHG),9000,50217.3,5.58,5720.14
2015-02-10,Cash,,22757.11,,
2015-02-11,南方中证500ETF(510500.XSHG),9100,51327.64,5.64,6266.82
2015-02-11,Cash,,22188.45,,
2015-02-12,南方中证500ETF(510500.XSHG),9200,52318.56,5.687,6688.01
2015-02-12,Cash,,21613.72,,
2015-02-13,南方中证500ETF(510500.XSHG),9300,53716.8,5.776,7509.01
2015-02-13,Cash,,21031.48,,
2015-02-16,南方中证500ETF(510500.XSHG),9400,55366.94,5.89,8571.56
2015-02-16,Cash,,20438.89,,
2015-02-17,南方中证500ETF(510500.XSHG),9500,56227.65,5.919,8839.67
2015-02-17,Cash,,19841.29,,
2015-02-25,南方中证500ETF(510500.XSHG),9600,56682.24,5.904,8704.17
2015-02-25,Cash,,19246.2,,
2015-02-26,南方中证500ETF(510500.XSHG),9700,57964.29,5.976,9389.7
2015-02-26,Cash,,18644.68,,
2015-02-27,南方中证500ETF(510500.XSHG),9800,59156.72,6.036,9978.82
2015-02-27,Cash,,18036.37,,
2015-03-02,南方中证500ETF(510500.XSHG),9900,61031.52,6.165,11240.31
2015-03-02,Cash,,17418.06,,
2015-03-03,南方中证500ETF(510500.XSHG),10000,61220,6.122,10813.69
2015-03-03,Cash,,16797.96,,
2015-03-04,南方中证500ETF(510500.XSHG),10100,63020.97,6.24,11993.85
2015-03-04,Cash,,16172.15,,
2015-03-05,南方中证500ETF(510500.XSHG),10200,63500.1,6.226,11853.6
2015-03-05,Cash,,15547.77,,
2015-03-06,南方中证500ETF(510500.XSHG),10400,63817.52,6.136,10937.24
2015-03-06,Cash,,14303.99,,
2015-03-09,南方中证500ETF(510500.XSHG),10500,65516.85,6.24,12015.05
2015-03-09,Cash,,13677.47,,
2015-03-10,南方中证500ETF(510500.XSHG),10600,66519.24,6.275,12389.84
2015-03-10,Cash,,13044.87,,
2015-03-11,南方中证500ETF(510500.XSHG),10700,67109.33,6.272,12353.05
2015-03-11,Cash,,12412.99,,
2015-03-12,南方中证500ETF(510500.XSHG),10800,67658.76,6.265,12276.67
2015-03-12,Cash,,11782.18,,
2015-03-13,南方中证500ETF(510500.XSHG),10900,69140.88,6.343,13126.54
2015-03-13,Cash,,11144.93,,
2015-03-16,南方中证500ETF(510500.XSHG),11000,72012.6,6.547,15345.66
2015-03-16,Cash,,10487.33,,
2015-03-17,南方中证500ETF(510500.XSHG),11100,73656.27,6.636,16330.3
2015-03-17,Cash,,9823.3,,
2015-03-18,南方中证500ETF(510500.XSHG),11200,75479.04,6.739,17479.75
2015-03-18,Cash,,9144.98,,
2015-03-19,南方中证500ETF(510500.XSHG),11300,76919.1,6.807,18241.13
2015-03-19,Cash,,8461.3,,
2015-03-20,南方中证500ETF(510500.XSHG),11400,78290.64,6.868,18926.14
2015-03-20,Cash,,7769.77,,
2015-03-23,南方中证500ETF(510500.XSHG),11500,82013.4,7.132,21947.01
2015-03-23,Cash,,7062.88,,
2015-03-24,南方中证500ETF(510500.XSHG),11600,81981.84,7.067,21205.7
2015-03-24,Cash,,6348.13,,
2015-03-25,南方中证500ETF(510500.XSHG),11700,83439.72,7.132,21945.61
2015-03-25,Cash,,5625.16,,
2015-03-26,南方中证500ETF(510500.XSHG),11800,83480.28,7.075,21274.28
2015-03-26,Cash,,4908.27,,
2015-03-27,南方中证500ETF(510500.XSHG),11900,85545.53,7.189,22621.56
2015-03-27,Cash,,4185.3,,
2015-03-30,南方中证500ETF(510500.XSHG),12000,87763.2,7.314,24109.47
2015-03-30,Cash,,3450.54,,
2015-03-31,南方中证500ETF(510500.XSHG),12100,88149.71,7.285,23767.29
2015-03-31,Cash,,2716.85,,
2015-04-01,南方中证500ETF(510500.XSHG),12200,91184.02,7.474,26056.12
2015-04-01,Cash,,1966.37,,
2015-04-02,南方中证500ETF(510500.XSHG),12300,93555.03,7.606,27672.01
2015-04-02,Cash,,1206.25,,
2015-04-03,南方中证500ETF(510500.XSHG),12400,95731.72,7.72,29080.37
2015-04-03,Cash,,432.92,,
2015-04-07,南方中证500ETF(510500.XSHG),12400,98164.6,7.917,31513.25
2015-04-07,Cash,,432.92,,
2015-04-08,南方中证500ETF(510500.XSHG),12400,96749.76,7.802,30098.41
2015-04-08,Cash,,432.92,,
2015-04-09,南方中证500ETF(510500.XSHG),7100,55118.01,7.763,16954.74
2015-04-09,Cash,,41105.95,,
2015-04-10,南方中证500ETF(510500.XSHG),7200,57615.12,8.002,18651.01
2015-04-10,Cash,,40300.11,,
2015-04-13,南方中证500ETF(510500.XSHG),7200,57615.12,8.002,18651.01
2015-04-13,Cash,,40300.11,,
2015-04-14,南方中证500ETF(510500.XSHG),7200,57615.12,8.002,18651.01
2015-04-14,Cash,,40300.11,,
2015-04-15,南方中证500ETF(510500.XSHG),7300,57071.4,7.818,17313.31
2015-04-15,Cash,,39501.13,,
2015-04-16,南方中证500ETF(510500.XSHG),4200,33125.4,7.887,10250.88
2015-04-16,Cash,,63708.37,,
2015-04-17,南方中证500ETF(510500.XSHG),4300,34146.3,7.941,10473.7
2015-04-17,Cash,,62905.29,,
2015-04-20,南方中证500ETF(510500.XSHG),2600,20334.6,7.821,5788.5
2015-04-20,Cash,,76171.05,,
2015-04-21,南方中证500ETF(510500.XSHG),2700,21870,8.1,6519.41
2015-04-21,Cash,,75361.56,,
2015-04-22,南方中证500ETF(510500.XSHG),2800,23380,8.35,7196.39
2015-04-22,Cash,,74523.54,,
2015-04-23,南方中证500ETF(510500.XSHG),2900,24368.7,8.403,7344.96
2015-04-23,Cash,,73678.41,,
2015-04-24,南方中证500ETF(510500.XSHG),3000,25296,8.432,7428.52
2015-04-24,Cash,,72829.67,,
2015-04-27,南方中证500ETF(510500.XSHG),3100,26424.4,8.524,7706.27
2015-04-27,Cash,,71974.02,,
2015-04-28,南方中证500ETF(510500.XSHG),3200,26460.8,8.269,6918.56
2015-04-28,Cash,,71144.91,,
2015-04-29,南方中证500ETF(510500.XSHG),3300,27881.7,8.449,7493.72
2015-04-29,Cash,,70294.17,,
2015-04-30,南方中证500ETF(510500.XSHG),3400,28910.2,8.503,7667.67
2015-04-30,Cash,,69434.62,,
2015-05-04,南方中证500ETF(510500.XSHG),3500,29963.5,8.561,7864.92
2015-05-04,Cash,,68573.57,,
2015-05-05,南方中证500ETF(510500.XSHG),3600,29664,8.24,6740.01
2015-05-05,Cash,,67743.16,,
2015-05-06,南方中证500ETF(510500.XSHG),3600,29156.4,8.099,6232.41
2015-05-06,Cash,,67743.16,,
2015-05-07,南方中证500ETF(510500.XSHG),3700,29337.3,7.929,5617.33
2015-05-07,Cash,,66942.18,,
2015-05-08,南方中证500ETF(510500.XSHG),3700,30636,8.28,6916.03
2015-05-08,Cash,,66942.18,,
2015-05-11,南方中证500ETF(510500.XSHG),3800,33113.2,8.714,8531.27
2015-05-11,Cash,,66075.22,,
2015-05-12,南方中证500ETF(510500.XSHG),3900,34382.4,8.816,8916.38
2015-05-12,Cash,,65186.13,,
2015-05-13,南方中证500ETF(510500.XSHG),4000,35588,8.897,9235.89
2015-05-13,Cash,,64295.04,,
2015-05-14,南方中证500ETF(510500.XSHG),4100,36334.2,8.862,9096.8
2015-05-14,Cash,,63404.75,,
2015-05-15,南方中证500ETF(510500.XSHG),4200,37010.4,8.812,8886.21
2015-05-15,Cash,,62512.96,,
2015-05-18,南方中证500ETF(510500.XSHG),4300,38609.7,8.979,9588.31
2015-05-18,Cash,,61610.76,,
2015-05-19,南方中证500ETF(510500.XSHG),4400,40510.8,9.207,10568.38
2015-05-19,Cash,,60684.73,,
2015-05-20,南方中证500ETF(510500.XSHG),4500,42133.5,9.363,11236.01
2015-05-20,Cash,,59724.66,,
2015-05-21,南方中证500ETF(510500.XSHG),4600,45024.8,9.788,13167.33
2015-05-21,Cash,,58759.68,,
2015-05-22,南方中证500ETF(510500.XSHG),4700,46628.7,9.921,13788.12
2015-05-22,Cash,,57771.57,,
2015-05-25,南方中证500ETF(510500.XSHG),4700,47474.7,10.101,14634.12
2015-05-25,Cash,,57771.57,,
2015-05-26,南方中证500ETF(510500.XSHG),4700,49364.1,10.503,16523.52
2015-05-26,Cash,,57771.57,,
2015-05-27,南方中证500ETF(510500.XSHG),4700,49909.3,10.619,17068.72
2015-05-27,Cash,,57771.57,,
2015-05-28,南方中证500ETF(510500.XSHG),4700,46685.1,9.933,13844.52
2015-05-28,Cash,,57771.57,,
2015-05-29,南方中证500ETF(510500.XSHG),2700,27367.2,10.136,8501.34
2015-05-29,Cash,,77741.97,,
2015-06-01,南方中证500ETF(510500.XSHG),2700,29100.6,10.778,10234.74
2015-06-01,Cash,,77741.97,,
2015-06-02,南方中证500ETF(510500.XSHG),2700,29872.8,11.064,11006.94
2015-06-02,Cash,,77741.97,,
2015-06-03,南方中证500ETF(510500.XSHG),2700,29670.3,10.989,10804.44
2015-06-03,Cash,,77741.97,,
2015-06-04,南方中证500ETF(510500.XSHG),2700,29727,11.01,10861.14
2015-06-04,Cash,,77741.97,,
2015-06-05,南方中证500ETF(510500.XSHG),2700,30423.6,11.268,11557.74
2015-06-05,Cash,,77741.97,,
2015-06-08,南方中证500ETF(510500.XSHG),2700,29813.4,11.042,10947.54
2015-06-08,Cash,,77741.97,,
2015-06-09,南方中证500ETF(510500.XSHG),1200,13326,11.105,4941.17
2015-06-09,Cash,,94201.72,,
2015-06-10,南方中证500ETF(510500.XSHG),1200,13548,11.29,5163.17
2015-06-10,Cash,,94201.72,,
2015-06-11,南方中证500ETF(510500.XSHG),1200,13800,11.5,5415.17
2015-06-11,Cash,,94201.72,,
2015-06-12,南方中证500ETF(510500.XSHG),1200,14040,11.7,5655.17
2015-06-12,Cash,,94201.72,,
2015-06-15,南方中证500ETF(510500.XSHG),1200,13720.8,11.434,5335.97
2015-06-15,Cash,,94201.72,,
2015-06-16,南方中证500ETF(510500.XSHG),600,6591,10.985,2398.59
2015-06-16,Cash,,100789.22,,
2015-06-17,南方中证500ETF(510500.XSHG),600,6738,11.23,2545.59
2015-06-17,Cash,,100789.22,,
2015-06-18,南方中证500ETF(510500.XSHG),600,6506.4,10.844,2313.99
2015-06-18,Cash,,100789.22,,
2015-06-19,南方中证500ETF(510500.XSHG),600,6084.6,10.141,1892.19
2015-06-19,Cash,,100789.22,,
2015-06-23,南方中证500ETF(510500.XSHG),700,7097.3,10.139,1914.47
2015-06-23,Cash,,99793.8,,
2015-06-24,南方中证500ETF(510500.XSHG),700,7208.6,10.298,2025.77
2015-06-24,Cash,,99793.8,,
2015-06-25,南方中证500ETF(510500.XSHG),700,6983.9,9.977,1801.07
2015-06-25,Cash,,99793.8,,
2015-06-26,南方中证500ETF(510500.XSHG),800,7183.2,8.979,1101.37
2015-06-26,Cash,,98889.8,,
2015-06-29,南方中证500ETF(510500.XSHG),900,7608.6,8.454,662.21
2015-06-29,Cash,,98020.24,,
2015-06-30,南方中证500ETF(510500.XSHG),900,8185.5,9.095,1239.11
2015-06-30,Cash,,98020.24,,
2015-07-01,南方中证500ETF(510500.XSHG),1000,8362,8.362,538.93
2015-07-01,Cash,,97138.56,,
2015-07-02,南方中证500ETF(510500.XSHG),1100,8800,8,187.96
2015-07-02,Cash,,96344.59,,
2015-07-03,南方中证500ETF(510500.XSHG),1200,8890.8,7.409,-468.96
2015-07-03,Cash,,95591.87,,
2015-07-06,南方中证500ETF(510500.XSHG),1300,9631.7,7.409,-430.02
2015-07-06,Cash,,94884.91,,
2015-07-07,南方中证500ETF(510500.XSHG),1400,9563.4,6.831,-1179.16
2015-07-07,Cash,,94199.07,,
2015-07-08,南方中证500ETF(510500.XSHG),1500,9222,6.148,-2136.12
2015-07-08,Cash,,93578.51,,
2015-07-09,南方中证500ETF(510500.XSHG),1500,10144.5,6.763,-1213.62
2015-07-09,Cash,,93578.51,,
2015-07-10,南方中证500ETF(510500.XSHG),1500,11158.5,7.439,-199.62
2015-07-10,Cash,,93578.51,,
2015-07-13,南方中证500ETF(510500.XSHG),1600,13092.8,8.183,915.97
2015-07-13,Cash,,92754.8,,
2015-07-14,南方中证500ETF(510500.XSHG),1800,14194.8,7.886,405.99
2015-07-14,Cash,,91132.82,,
2015-07-15,南方中证500ETF(510500.XSHG),2000,14404,7.202,-856.01
2015-07-15,Cash,,89651.62,,
2015-07-16,南方中证500ETF(510500.XSHG),2100,15939,7.59,-79.84
2015-07-16,Cash,,88887.79,,
2015-07-17,南方中证500ETF(510500.XSHG),2200,17769.4,8.077,937.76
2015-07-17,Cash,,88069.99,,
2015-07-20,南方中证500ETF(510500.XSHG),2300,18662.2,8.114,1006.65
2015-07-20,Cash,,87241.08,,
2015-07-21,南方中证500ETF(510500.XSHG),2400,19790.4,8.246,1310.84
2015-07-21,Cash,,86412.07,,
2015-07-22,南方中证500ETF(510500.XSHG),2500,20892.5,8.357,1580.02
2015-07-22,Cash,,85574.15,,
2015-07-23,南方中证500ETF(510500.XSHG),2600,22492.6,8.651,2317.06
2015-07-23,Cash,,84706.09,,
2015-07-24,南方中证500ETF(510500.XSHG),2700,22871.7,8.471,1830.6
2015-07-24,Cash,,83835.53,,
2015-07-27,南方中证500ETF(510500.XSHG),2800,21641.2,7.729,-213.9
2015-07-27,Cash,,83016.53,,
2015-07-28,南方中证500ETF(510500.XSHG),2800,21562.8,7.701,-292.3
2015-07-28,Cash,,83016.53,,
2015-07-29,南方中证500ETF(510500.XSHG),2800,22814.4,8.148,959.3
2015-07-29,Cash,,83016.53,,
2015-07-30,南方中证500ETF(510500.XSHG),2800,21991.2,7.854,136.1
2015-07-30,Cash,,83016.53,,
2015-07-31,南方中证500ETF(510500.XSHG),2900,22527.2,7.768,-104.85
2015-07-31,Cash,,82234.58,,
2015-08-03,南方中证500ETF(510500.XSHG),3000,22521,7.507,-853.16
2015-08-03,Cash,,81487.47,,
2015-08-04,南方中证500ETF(510500.XSHG),3100,24979.8,8.058,813.17
2015-08-04,Cash,,80690,,
2015-08-05,南方中证500ETF(510500.XSHG),3200,25251.2,7.891,276.08
2015-08-05,Cash,,79876.51,,
2015-08-06,南方中证500ETF(510500.XSHG),3300,25878.6,7.842,115.51
2015-08-06,Cash,,79083.54,,
2015-08-07,南方中证500ETF(510500.XSHG),3400,27550.2,8.103,982.62
2015-08-07,Cash,,78274.05,,
2015-08-10,南方中证500ETF(510500.XSHG),3500,29946,8.556,2524.37
2015-08-10,Cash,,77415,,
2015-08-11,南方中证500ETF(510500.XSHG),3600,30693.6,8.526,2412.71
2015-08-11,Cash,,76550.74,,
2015-08-12,南方中证500ETF(510500.XSHG),3800,31866.8,8.386,1896.63
2015-08-12,Cash,,74851.46,,
2015-08-13,南方中证500ETF(510500.XSHG),3900,33508.8,8.592,2687.98
2015-08-13,Cash,,73995.81,,
2015-08-14,南方中证500ETF(510500.XSHG),4000,34696,8.674,3000.31
2015-08-14,Cash,,73115.94,,
2015-08-17,南方中证500ETF(510500.XSHG),4100,36572,8.92,3990.22
2015-08-17,Cash,,72224.85,,
2015-08-18,南方中证500ETF(510500.XSHG),4200,34267.8,8.159,854.9
2015-08-18,Cash,,71388.73,,
2015-08-19,南方中证500ETF(510500.XSHG),4200,35422.8,8.434,2009.9
2015-08-19,Cash,,71388.73,,
2015-08-20,南方中证500ETF(510500.XSHG),4300,34847.2,8.104,606.68
2015-08-20,Cash,,70556.11,,
2015-08-21,南方中证500ETF(510500.XSHG),4400,33871.2,7.698,-1157.79
2015-08-21,Cash,,69762.64,,
2015-08-24,南方中证500ETF(510500.XSHG),4500,31176,6.928,-4546.64
2015-08-24,Cash,,69063.99,,
2015-08-25,南方中证500ETF(510500.XSHG),4600,28681,6.235,-7665.91
2015-08-25,Cash,,68434.72,,
2015-08-26,南方中证500ETF(510500.XSHG),4600,28685.6,6.236,-7661.31
2015-08-26,Cash,,68434.72,,
2015-08-27,南方中证500ETF(510500.XSHG),4600,29900,6.5,-6446.91
2015-08-27,Cash,,68434.72,,
2015-08-28,南方中证500ETF(510500.XSHG),4700,32387.7,6.891,-4643.05
2015-08-28,Cash,,67745.88,,
2015-08-31,南方中证500ETF(510500.XSHG),4900,32442.9,6.621,-5925.49
2015-08-31,Cash,,66398.24,,
2015-09-01,南方中证500ETF(510500.XSHG),5000,30830,6.166,-8162.76
2015-09-01,Cash,,65768.87,,
2015-09-02,南方中证500ETF(510500.XSHG),5100,30656.1,6.011,-8947.41
2015-09-02,Cash,,65153.12,,
2015-09-07,南方中证500ETF(510500.XSHG),5100,31405.8,6.158,-8197.71
2015-09-07,Cash,,65153.12,,
2015-09-08,南方中证500ETF(510500.XSHG),5200,33774,6.495,-6469.3
2015-09-08,Cash,,64508.33,,
2015-09-09,南方中证500ETF(510500.XSHG),5300,35414.6,6.682,-5486.51
2015-09-09,Cash,,63845.52,,
2015-09-10,南方中证500ETF(510500.XSHG),5500,35799.5,6.509,-6423.23
2015-09-10,Cash,,62513.9,,
2015-09-11,南方中证500ETF(510500.XSHG),5600,36730.4,6.559,-6149.14
2015-09-11,Cash,,61852.09,,
2015-09-14,南方中证500ETF(510500.XSHG),5700,34188.6,5.998,-9282.67
2015-09-14,Cash,,61255.36,,
2015-09-15,南方中证500ETF(510500.XSHG),5800,33065.8,5.701,-10981.58
2015-09-15,Cash,,60674.25,,
2015-09-16,南方中证500ETF(510500.XSHG),5800,35907.8,6.191,-8139.58
2015-09-16,Cash,,60674.25,,
2015-09-17,南方中证500ETF(510500.XSHG),5900,35659.6,6.044,-9016.55
2015-09-17,Cash,,60040.48,,
2015-09-18,南方中证500ETF(510500.XSHG),5900,36137.5,6.125,-8538.65
2015-09-18,Cash,,60040.48,,
2015-09-21,南方中证500ETF(510500.XSHG),6000,38358,6.393,-6948.92
2015-09-21,Cash,,59404.71,,
2015-09-22,南方中证500ETF(510500.XSHG),6100,38832.6,6.366,-7120.91
2015-09-22,Cash,,58753.12,,
2015-09-23,南方中证500ETF(510500.XSHG),6200,38886.4,6.272,-7700.09
2015-09-23,Cash,,58115.14,,
2015-09-24,南方中证500ETF(510500.XSHG),6300,40061.7,6.359,-7157.07
2015-09-24,Cash,,57477.86,,
2015-09-25,南方中证500ETF(510500.XSHG),6400,39168,6.12,-8669.53
2015-09-25,Cash,,56854.1,,
2015-09-28,南方中证500ETF(510500.XSHG),6400,40262.4,6.291,-7575.13
2015-09-28,Cash,,56854.1,,
2015-09-29,南方中证500ETF(510500.XSHG),6400,39840,6.225,-7997.53
2015-09-29,Cash,,56854.1,,
2015-09-30,南方中证500ETF(510500.XSHG),6400,39878.4,6.231,-7959.13
2015-09-30,Cash,,56854.1,,
2015-10-08,南方中证500ETF(510500.XSHG),6500,42178.5,6.489,-6304.72
2015-10-08,Cash,,56203.41,,
2015-10-09,南方中证500ETF(510500.XSHG),6600,43329,6.565,-5810.83
2015-10-09,Cash,,55541.8,,
2015-10-12,南方中证500ETF(510500.XSHG),6700,45881.6,6.848,-3941.97
2015-10-12,Cash,,54853.06,,
2015-10-13,南方中证500ETF(510500.XSHG),6800,46988,6.91,-3525.32
2015-10-13,Cash,,54158.31,,
2015-10-14,南方中证500ETF(510500.XSHG),6900,47278.8,6.852,-3920.56
2015-10-14,Cash,,53467.27,,
2015-10-15,南方中证500ETF(510500.XSHG),7000,49749,7.107,-2156.23
2015-10-15,Cash,,52756.4,,
2015-10-16,南方中证500ETF(510500.XSHG),7100,50970.9,7.179,-1648.31
2015-10-16,Cash,,52037.42,,
2015-10-19,南方中证500ETF(510500.XSHG),7200,51984,7.22,-1350.19
2015-10-19,Cash,,51317.44,,
2015-10-20,南方中证500ETF(510500.XSHG),7300,53224.3,7.291,-833.88
2015-10-20,Cash,,50588.45,,
2015-10-21,南方中证500ETF(510500.XSHG),7600,52196.8,6.868,-3942.93
2015-10-21,Cash,,48501.9,,
2015-10-22,南方中证500ETF(510500.XSHG),7600,54036,7.11,-2103.73
2015-10-22,Cash,,48501.9,,
2015-10-23,南方中证500ETF(510500.XSHG),7700,56210,7.3,-656.22
2015-10-23,Cash,,47770.41,,
2015-10-26,南方中证500ETF(510500.XSHG),7800,56908.8,7.296,-682.71
2015-10-26,Cash,,47040.12,,
2015-10-27,南方中证500ETF(510500.XSHG),7900,58151.9,7.361,-172.51
2015-10-27,Cash,,46302.22,,
2015-10-28,南方中证500ETF(510500.XSHG),8100,57963.6,7.156,-1806.79
2015-10-28,Cash,,44846.24,,
2015-10-29,南方中证500ETF(510500.XSHG),8200,59335.2,7.236,-1164.29
2015-10-29,Cash,,44112.14,,
2015-10-30,南方中证500ETF(510500.XSHG),8300,60009,7.23,-1221.59
2015-10-30,Cash,,43376.04,,
2015-11-02,南方中证500ETF(510500.XSHG),8400,59505.6,7.084,-2437.87
2015-11-02,Cash,,42658.16,,
2015-11-03,南方中证500ETF(510500.XSHG),8400,59220,7.05,-2723.47
2015-11-03,Cash,,42658.16,,
2015-11-04,南方中证500ETF(510500.XSHG),8500,63852,7.512,1163.72
2015-11-04,Cash,,41908.35,,
2015-11-05,南方中证500ETF(510500.XSHG),8600,64414,7.49,977.8
2015-11-05,Cash,,41155.43,,
2015-11-06,南方中证500ETF(510500.XSHG),8700,66755.1,7.673,2551.56
2015-11-06,Cash,,40383.09,,
2015-11-09,南方中证500ETF(510500.XSHG),8800,68314.4,7.763,3330
2015-11-09,Cash,,39597.23,,
2015-11-10,南方中证500ETF(510500.XSHG),8900,69135.2,7.768,3372.34
2015-11-10,Cash,,38813.77,,
2015-11-11,南方中证500ETF(510500.XSHG),9000,71298,7.922,4744.47
2015-11-11,Cash,,38018.1,,
2015-11-12,南方中证500ETF(510500.XSHG),9100,72308.6,7.946,4959.89
2015-11-12,Cash,,37217.92,,
2015-11-13,南方中证500ETF(510500.XSHG),9300,72381.9,7.783,3460.85
2015-11-13,Cash,,35635.58,,
2015-11-16,南方中证500ETF(510500.XSHG),9400,75002.6,7.979,5288.98
2015-11-16,Cash,,34838.01,,
2015-11-17,南方中证500ETF(510500.XSHG),9600,75350.4,7.849,4057.24
2015-11-17,Cash,,33248.47,,
2015-11-18,南方中证500ETF(510500.XSHG),9600,74198.4,7.729,2905.24
2015-11-18,Cash,,33248.47,,
2015-11-19,南方中证500ETF(510500.XSHG),9700,77396.3,7.979,5312.27
2015-11-19,Cash,,32452.6,,
2015-11-20,南方中证500ETF(510500.XSHG),9800,78870.4,8.048,5982.48
2015-11-20,Cash,,31643.71,,
2015-11-23,南方中证500ETF(510500.XSHG),9900,78804,7.96,5113.39
2015-11-23,Cash,,30836.02,,
2015-11-24,南方中证500ETF(510500.XSHG),10000,80550,8.055,6060.91
2015-11-24,Cash,,30032.54,,
2015-11-25,南方中证500ETF(510500.XSHG),10100,82486.7,8.167,7183.61
2015-11-25,Cash,,29213.54,,
2015-11-26,南方中证500ETF(510500.XSHG),10200,82538.4,8.092,6423.11
2015-11-26,Cash,,28396.34,,
2015-11-27,南方中证500ETF(510500.XSHG),10600,80644.8,7.608,1428.51
2015-11-27,Cash,,25290.34,,
2015-11-30,南方中证500ETF(510500.XSHG),10600,80570.6,7.601,1354.31
2015-11-30,Cash,,25290.34,,
2015-12-01,南方中证500ETF(510500.XSHG),10600,81100.6,7.651,1884.31
2015-12-01,Cash,,25290.34,,
2015-12-02,南方中证500ETF(510500.XSHG),10600,81132.4,7.654,1916.11
2015-12-02,Cash,,25290.34,,
2015-12-03,南方中证500ETF(510500.XSHG),10700,83299.5,7.785,3307.96
2015-12-03,Cash,,24510.09,,
2015-12-04,南方中证500ETF(510500.XSHG),10900,83766.5,7.685,2233.66
2015-12-04,Cash,,22958.79,,
2015-12-07,南方中证500ETF(510500.XSHG),11000,85954,7.814,3642.7
2015-12-07,Cash,,22175.33,,
2015-12-08,南方中证500ETF(510500.XSHG),11200,85411.2,7.626,1573.42
2015-12-08,Cash,,20643.85,,
2015-12-09,南方中证500ETF(510500.XSHG),11300,85495.8,7.566,902.29
2015-12-09,Cash,,19883.12,,
2015-12-10,南方中证500ETF(510500.XSHG),11300,85190.7,7.539,597.19
2015-12-10,Cash,,19883.12,,
2015-12-11,南方中证500ETF(510500.XSHG),11300,84625.7,7.489,32.19
2015-12-11,Cash,,19883.12,,
2015-12-14,南方中证500ETF(510500.XSHG),11400,87267,7.655,1909.65
2015-12-14,Cash,,19114.28,,
2015-12-15,南方中证500ETF(510500.XSHG),11500,88297,7.678,2166.4
2015-12-15,Cash,,18336.03,,
2015-12-16,南方中证500ETF(510500.XSHG),11600,89784,7.74,2876.15
2015-12-16,Cash,,17553.78,,
2015-12-17,南方中证500ETF(510500.XSHG),11700,93178.8,7.964,5477.88
2015-12-17,Cash,,16755.71,,
2015-12-18,南方中证500ETF(510500.XSHG),11800,93361.6,7.912,4866.7
2015-12-18,Cash,,15956.73,,
2015-12-21,南方中证500ETF(510500.XSHG),11900,95473.7,8.023,6178.12
2015-12-21,Cash,,15151.05,,
2015-12-22,南方中证500ETF(510500.XSHG),12000,97128,8.094,7024.93
2015-12-22,Cash,,14338.56,,
2015-12-23,南方中证500ETF(510500.XSHG),12100,96654.8,7.988,5742.64
2015-12-23,Cash,,13524.47,,
2015-12-24,南方中证500ETF(510500.XSHG),12100,96679,7.99,5766.84
2015-12-24,Cash,,13524.47,,
2015-12-25,南方中证500ETF(510500.XSHG),12100,97102.5,8.025,6190.34
2015-12-25,Cash,,13524.47,,
2015-12-28,南方中证500ETF(510500.XSHG),12200,95550.4,7.832,3846.27
2015-12-28,Cash,,12727.5,,
2015-12-29,南方中证500ETF(510500.XSHG),12200,96563,7.915,4858.87
2015-12-29,Cash,,12727.5,,
2015-12-30,南方中证500ETF(510500.XSHG),12300,98104.8,7.976,5602.79
2015-12-30,Cash,,11924.62,,
2015-12-31,南方中证500ETF(510500.XSHG),12300,96407.4,7.838,3905.39
2015-12-31,Cash,,11924.62,,
2016-01-04,南方中证500ETF(510500.XSHG),13300,95653.6,7.192,-4037.21
2016-01-04,Cash,,4730.82,,
2016-01-05,南方中证500ETF(510500.XSHG),13600,96859.2,7.122,-4934.49
2016-01-05,Cash,,2622.94,,
2016-01-06,南方中证500ETF(510500.XSHG),13600,98899.2,7.272,-2894.49
2016-01-06,Cash,,2622.94,,
2016-01-07,南方中证500ETF(510500.XSHG),13900,92045.8,6.622,-11741.45
2016-01-07,Cash,,624.38,,
2016-01-08,南方中证500ETF(510500.XSHG),13900,93866.7,6.753,-9920.55
2016-01-08,Cash,,624.38,,
2016-01-11,南方中证500ETF(510500.XSHG),13900,87834.1,6.319,-15953.15
2016-01-11,Cash,,624.38,,
2016-01-12,南方中证500ETF(510500.XSHG),13900,87695.1,6.309,-16092.15
2016-01-12,Cash,,624.38,,
2016-01-13,南方中证500ETF(510500.XSHG),14000,85582,6.113,-18829.92
2016-01-13,Cash,,-5.29,,
2016-01-14,南方中证500ETF(510500.XSHG),14000,88452,6.318,-15959.92
2016-01-14,Cash,,-5.29,,
2016-01-15,南方中证500ETF(510500.XSHG),14000,85050,6.075,-19361.92
2016-01-15,Cash,,-5.29,,
2016-01-18,南方中证500ETF(510500.XSHG),14000,86268,6.162,-18143.92
2016-01-18,Cash,,-5.29,,
2016-01-19,南方中证500ETF(510500.XSHG),14000,89026,6.359,-15385.92
2016-01-19,Cash,,-5.29,,
2016-01-20,南方中证500ETF(510500.XSHG),14000,88298,6.307,-16113.92
2016-01-20,Cash,,-5.29,,
2016-01-21,南方中证500ETF(510500.XSHG),14000,85260,6.09,-19151.92
2016-01-21,Cash,,-5.29,,
2016-01-22,南方中证500ETF(510500.XSHG),14000,86380,6.17,-18031.92
2016-01-22,Cash,,-5.29,,
2016-01-25,南方中证500ETF(510500.XSHG),14000,87024,6.216,-17387.92
2016-01-25,Cash,,-5.29,,
2016-01-26,南方中证500ETF(510500.XSHG),14000,81662,5.833,-22749.92
2016-01-26,Cash,,-5.29,,
2016-01-27,南方中证500ETF(510500.XSHG),14000,79660,5.69,-24751.92
2016-01-27,Cash,,-5.29,,
2016-01-28,南方中证500ETF(510500.XSHG),14000,76328,5.452,-28083.92
2016-01-28,Cash,,-5.29,,
2016-01-29,南方中证500ETF(510500.XSHG),14000,79002,5.643,-25409.92
2016-01-29,Cash,,-5.29,,
2016-02-01,南方中证500ETF(510500.XSHG),14000,78120,5.58,-26291.92
2016-02-01,Cash,,-5.29,,
2016-02-02,南方中证500ETF(510500.XSHG),14000,80878,5.777,-23533.92
2016-02-02,Cash,,-5.29,,
2016-02-03,南方中证500ETF(510500.XSHG),14000,81298,5.807,-23113.92
2016-02-03,Cash,,-5.29,,
2016-02-04,南方中证500ETF(510500.XSHG),14000,82656,5.904,-21755.92
2016-02-04,Cash,,-5.29,,
2016-02-05,南方中证500ETF(510500.XSHG),14000,82082,5.863,-22329.92
2016-02-05,Cash,,-5.29,,
2016-02-15,南方中证500ETF(510500.XSHG),14000,82208,5.872,-22203.92
2016-02-15,Cash,,-5.29,,
2016-02-16,南方中证500ETF(510500.XSHG),14000,85596,6.114,-18815.92
2016-02-16,Cash,,-5.29,,
2016-02-17,南方中证500ETF(510500.XSHG),14000,86436,6.174,-17975.92
2016-02-17,Cash,,-5.29,,
2016-02-18,南方中证500ETF(510500.XSHG),14000,86016,6.144,-18395.92
2016-02-18,Cash,,-5.29,,
2016-02-19,南方中证500ETF(510500.XSHG),14000,86352,6.168,-18059.92
2016-02-19,Cash,,-5.29,,
2016-02-22,南方中证500ETF(510500.XSHG),14000,88256,6.304,-16155.92
2016-02-22,Cash,,-5.29,,
2016-02-23,南方中证500ETF(510500.XSHG),14000,87822,6.273,-16589.92
2016-02-23,Cash,,-5.29,,
2016-02-24,南方中证500ETF(510500.XSHG),14000,88242,6.303,-16169.92
2016-02-24,Cash,,-5.29,,
2016-02-25,南方中证500ETF(510500.XSHG),14000,81046,5.789,-23365.92
2016-02-25,Cash,,-5.29,,
2016-02-26,南方中证500ETF(510500.XSHG),14000,81774,5.841,-22637.92
2016-02-26,Cash,,-5.29,,
2016-02-29,南方中证500ETF(510500.XSHG),14000,76720,5.48,-27691.92
2016-02-29,Cash,,-5.29,,
2016-03-01,南方中证500ETF(510500.XSHG),14000,78988,5.642,-25423.92
2016-03-01,Cash,,-5.29,,
2016-03-02,南方中证500ETF(510500.XSHG),14000,83300,5.95,-21111.92
2016-03-02,Cash,,-5.29,,
2016-03-03,南方中证500ETF(510500.XSHG),14000,83230,5.945,-21181.92
2016-03-03,Cash,,-5.29,,
2016-03-04,南方中证500ETF(510500.XSHG),14000,80766,5.769,-23645.92
2016-03-04,Cash,,-5.29,,
2016-03-07,南方中证500ETF(510500.XSHG),14000,83048,5.932,-21363.92
2016-03-07,Cash,,-5.29,,
2016-03-08,南方中证500ETF(510500.XSHG),14000,83552,5.968,-20859.92
2016-03-08,Cash,,-5.29,,
2016-03-09,南方中证500ETF(510500.XSHG),14000,81228,5.802,-23183.92
2016-03-09,Cash,,-5.29,,
2016-03-10,南方中证500ETF(510500.XSHG),14000,79772,5.698,-24639.92
2016-03-10,Cash,,-5.29,,
2016-03-11,南方中证500ETF(510500.XSHG),14000,79758,5.697,-24653.92
2016-03-11,Cash,,-5.29,,
2016-03-14,南方中证500ETF(510500.XSHG),14000,82796,5.914,-21615.92
2016-03-14,Cash,,-5.29,,
2016-03-15,南方中证500ETF(510500.XSHG),14000,81676,5.834,-22735.92
2016-03-15,Cash,,-5.29,,
2016-03-16,南方中证500ETF(510500.XSHG),14000,80780,5.77,-23631.92
2016-03-16,Cash,,-5.29,,
2016-03-17,南方中证500ETF(510500.XSHG),14000,83426,5.959,-20985.92
2016-03-17,Cash,,-5.29,,
2016-03-18,南方中证500ETF(510500.XSHG),14000,86744,6.196,-17667.92
2016-03-18,Cash,,-5.29,,
2016-03-21,南方中证500ETF(510500.XSHG),14000,88522,6.323,-15889.92
2016-03-21,Cash,,-5.29,,
2016-03-22,南方中证500ETF(510500.XSHG),14000,88102,6.293,-16309.92
2016-03-22,Cash,,-5.29,,
2016-03-23,南方中证500ETF(510500.XSHG),14000,88942,6.353,-15469.92
2016-03-23,Cash,,-5.29,,
2016-03-24,南方中证500ETF(510500.XSHG),14000,87164,6.226,-17247.92
2016-03-24,Cash,,-5.29,,
2016-03-25,南方中证500ETF(510500.XSHG),14000,88270,6.305,-16141.92
2016-03-25,Cash,,-5.29,,
2016-03-28,南方中证500ETF(510500.XSHG),14000,87528,6.252,-16883.92
2016-03-28,Cash,,-5.29,,
2016-03-29,南方中证500ETF(510500.XSHG),14000,86016,6.144,-18395.92
2016-03-29,Cash,,-5.29,,
2016-03-30,南方中证500ETF(510500.XSHG),14000,90146,6.439,-14265.92
2016-03-30,Cash,,-5.29,,
2016-03-31,南方中证500ETF(510500.XSHG),14000,89432,6.388,-14979.92
2016-03-31,Cash,,-5.29,,
2016-04-01,南方中证500ETF(510500.XSHG),14000,89138,6.367,-15273.92
2016-04-01,Cash,,-5.29,,
2016-04-05,南方中证500ETF(510500.XSHG),14000,91196,6.514,-13215.92
2016-04-05,Cash,,-5.29,,
2016-04-06,南方中证500ETF(510500.XSHG),14000,91756,6.554,-12655.92
2016-04-06,Cash,,-5.29,,
2016-04-07,南方中证500ETF(510500.XSHG),14000,90636,6.474,-13775.92
2016-04-07,Cash,,-5.29,,
2016-04-08,南方中证500ETF(510500.XSHG),14000,89810,6.415,-14601.92
2016-04-08,Cash,,-5.29,,
2016-04-11,南方中证500ETF(510500.XSHG),14000,91420,6.53,-12991.92
2016-04-11,Cash,,-5.29,,
2016-04-12,南方中证500ETF(510500.XSHG),14000,90986,6.499,-13425.92
2016-04-12,Cash,,-5.29,,
2016-04-13,南方中证500ETF(510500.XSHG),14000,92428,6.602,-11983.92
2016-04-13,Cash,,-5.29,,
2016-04-14,南方中证500ETF(510500.XSHG),14000,93044,6.646,-11367.92
2016-04-14,Cash,,-5.29,,
2016-04-15,南方中证500ETF(510500.XSHG),14000,92918,6.637,-11493.92
2016-04-15,Cash,,-5.29,,
2016-04-18,南方中证500ETF(510500.XSHG),14000,91322,6.523,-13089.92
2016-04-18,Cash,,-5.29,,
2016-04-19,南方中证500ETF(510500.XSHG),14000,91490,6.535,-12921.92
2016-04-19,Cash,,-5.29,,
2016-04-20,南方中证500ETF(510500.XSHG),14000,87458,6.247,-16953.92
2016-04-20,Cash,,-5.29,,
2016-04-21,南方中证500ETF(510500.XSHG),14000,86758,6.197,-17653.92
2016-04-21,Cash,,-5.29,,
2016-04-22,南方中证500ETF(510500.XSHG),14000,87276,6.234,-17135.92
2016-04-22,Cash,,-5.29,,
2016-04-25,南方中证500ETF(510500.XSHG),14000,86842,6.203,-17569.92
2016-04-25,Cash,,-5.29,,
2016-04-26,南方中证500ETF(510500.XSHG),14000,87976,6.284,-16435.92
2016-04-26,Cash,,-5.29,,
2016-04-27,南方中证500ETF(510500.XSHG),14000,87528,6.252,-16883.92
2016-04-27,Cash,,-5.29,,
2016-04-28,南方中证500ETF(510500.XSHG),14000,86814,6.201,-17597.92
2016-04-28,Cash,,-5.29,,
2016-04-29,南方中证500ETF(510500.XSHG),14000,86940,6.21,-17471.92
2016-04-29,Cash,,-5.29,,
2016-05-03,南方中证500ETF(510500.XSHG),14000,89726,6.409,-14685.92
2016-05-03,Cash,,-5.29,,
2016-05-04,南方中证500ETF(510500.XSHG),14000,89726,6.409,-14685.92
2016-05-04,Cash,,-5.29,,
2016-05-05,南方中证500ETF(510500.XSHG),14000,90356,6.454,-14055.92
2016-05-05,Cash,,-5.29,,
2016-05-06,南方中证500ETF(510500.XSHG),14000,86800,6.2,-17611.92
2016-05-06,Cash,,-5.29,,
2016-05-09,南方中证500ETF(510500.XSHG),14000,83636,5.974,-20775.92
2016-05-09,Cash,,-5.29,,
2016-05-10,南方中证500ETF(510500.XSHG),14000,83370,5.955,-21041.92
2016-05-10,Cash,,-5.29,,
2016-05-11,南方中证500ETF(510500.XSHG),14000,83216,5.944,-21195.92
2016-05-11,Cash,,-5.29,,
2016-05-12,南方中证500ETF(510500.XSHG),14000,83244,5.946,-21167.92
2016-05-12,Cash,,-5.29,,
2016-05-13,南方中证500ETF(510500.XSHG),14000,82964,5.926,-21447.92
2016-05-13,Cash,,-5.29,,
2016-05-16,南方中证500ETF(510500.XSHG),14000,84462,6.033,-19949.92
2016-05-16,Cash,,-5.29,,
2016-05-17,南方中证500ETF(510500.XSHG),14000,84336,6.024,-20075.92
2016-05-17,Cash,,-5.29,,
2016-05-18,南方中证500ETF(510500.XSHG),14000,82012,5.858,-22399.92
2016-05-18,Cash,,-5.29,,
2016-05-19,南方中证500ETF(510500.XSHG),14000,82418,5.887,-21993.92
2016-05-19,Cash,,-5.29,,
2016-05-20,南方中证500ETF(510500.XSHG),14000,83524,5.966,-20887.92
2016-05-20,Cash,,-5.29,,
2016-05-23,南方中证500ETF(510500.XSHG),14000,84434,6.031,-19977.92
2016-05-23,Cash,,-5.29,,
2016-05-24,南方中证500ETF(510500.XSHG),14000,83650,5.975,-20761.92
2016-05-24,Cash,,-5.29,,
2016-05-25,南方中证500ETF(510500.XSHG),14000,83146,5.939,-21265.92
2016-05-25,Cash,,-5.29,,
2016-05-26,南方中证500ETF(510500.XSHG),14000,83552,5.968,-20859.92
2016-05-26,Cash,,-5.29,,
2016-05-27,南方中证500ETF(510500.XSHG),14000,83622,5.973,-20789.92
2016-05-27,Cash,,-5.29,,
2016-05-30,南方中证500ETF(510500.XSHG),14000,83244,5.946,-21167.92
2016-05-30,Cash,,-5.29,,
2016-05-31,南方中证500ETF(510500.XSHG),14000,86912,6.208,-17499.92
2016-05-31,Cash,,-5.29,,
2016-06-01,南方中证500ETF(510500.XSHG),14000,86940,6.21,-17471.92
2016-06-01,Cash,,-5.29,,
2016-06-02,南方中证500ETF(510500.XSHG),14000,87654,6.261,-16757.92
2016-06-02,Cash,,-5.29,,
2016-06-03,南方中证500ETF(510500.XSHG),14000,88186,6.299,-16225.92
2016-06-03,Cash,,-5.29,,
2016-06-06,南方中证500ETF(510500.XSHG),14000,88396,6.314,-16015.92
2016-06-06,Cash,,-5.29,,
2016-06-07,南方中证500ETF(510500.XSHG),14000,88312,6.308,-16099.92
2016-06-07,Cash,,-5.29,,
2016-06-08,南方中证500ETF(510500.XSHG),14000,88060,6.29,-16351.92
2016-06-08,Cash,,-5.29,,
2016-06-13,南方中证500ETF(510500.XSHG),14000,83818,5.987,-20593.92
2016-06-13,Cash,,-5.29,,
2016-06-14,南方中证500ETF(510500.XSHG),14000,84196,6.014,-20215.92
2016-06-14,Cash,,-5.29,,
2016-06-15,南方中证500ETF(510500.XSHG),14000,86898,6.207,-17513.92
2016-06-15,Cash,,-5.29,,
2016-06-16,南方中证500ETF(510500.XSHG),14000,86562,6.183,-17849.92
2016-06-16,Cash,,-5.29,,
2016-06-17,南方中证500ETF(510500.XSHG),14000,87234,6.231,-17177.92
2016-06-17,Cash,,-5.29,,
2016-06-20,南方中证500ETF(510500.XSHG),14000,87346,6.239,-17065.92
2016-06-20,Cash,,-5.29,,
2016-06-21,南方中证500ETF(510500.XSHG),14000,86310,6.165,-18101.92
2016-06-21,Cash,,-5.29,,
2016-06-22,南方中证500ETF(510500.XSHG),14000,87948,6.282,-16463.92
2016-06-22,Cash,,-5.29,,
2016-06-23,南方中证500ETF(510500.XSHG),14000,87458,6.247,-16953.92
2016-06-23,Cash,,-5.29,,
2016-06-24,南方中证500ETF(510500.XSHG),14000,86184,6.156,-18227.92
2016-06-24,Cash,,-5.29,,
2016-06-27,南方中证500ETF(510500.XSHG),14000,88662,6.333,-15749.92
2016-06-27,Cash,,-5.29,,
2016-06-28,南方中证500ETF(510500.XSHG),14000,89488,6.392,-14923.92
2016-06-28,Cash,,-5.29,,
2016-06-29,南方中证500ETF(510500.XSHG),14000,89502,6.393,-14909.92
2016-06-29,Cash,,-5.29,,
2016-06-30,南方中证500ETF(510500.XSHG),14000,89558,6.397,-14853.92
2016-06-30,Cash,,-5.29,,
2016-07-01,南方中证500ETF(510500.XSHG),14000,89432,6.388,-14979.92
2016-07-01,Cash,,-5.29,,
2016-07-04,南方中证500ETF(510500.XSHG),14000,91210,6.515,-13201.92
2016-07-04,Cash,,-5.29,,
2016-07-05,南方中证500ETF(510500.XSHG),14000,91672,6.548,-12739.92
2016-07-05,Cash,,-5.29,,
2016-07-06,南方中证500ETF(510500.XSHG),14000,92218,6.587,-12193.92
2016-07-06,Cash,,-5.29,,
2016-07-07,南方中证500ETF(510500.XSHG),14000,92582,6.613,-11829.92
2016-07-07,Cash,,-5.29,,
2016-07-08,南方中证500ETF(510500.XSHG),14000,92218,6.587,-12193.92
2016-07-08,Cash,,-5.29,,
2016-07-11,南方中证500ETF(510500.XSHG),14000,92456,6.604,-11955.92
2016-07-11,Cash,,-5.29,,
2016-07-12,南方中证500ETF(510500.XSHG),14000,93618,6.687,-10793.92
2016-07-12,Cash,,-5.29,,
2016-07-13,南方中证500ETF(510500.XSHG),14000,94276,6.734,-10135.92
2016-07-13,Cash,,-5.29,,
2016-07-14,南方中证500ETF(510500.XSHG),14000,94598,6.757,-9813.92
2016-07-14,Cash,,-5.29,,
2016-07-15,南方中证500ETF(510500.XSHG),14000,94374,6.741,-10037.92
2016-07-15,Cash,,-5.29,,
2016-07-18,南方中证500ETF(510500.XSHG),14000,93996,6.714,-10415.92
2016-07-18,Cash,,-5.29,,
2016-07-19,南方中证500ETF(510500.XSHG),14000,93968,6.712,-10443.92
2016-07-19,Cash,,-5.29,,
2016-07-20,南方中证500ETF(510500.XSHG),14000,93814,6.701,-10597.92
2016-07-20,Cash,,-5.29,,
2016-07-21,南方中证500ETF(510500.XSHG),14000,94262,6.733,-10149.92
2016-07-21,Cash,,-5.29,,
2016-07-22,南方中证500ETF(510500.XSHG),14000,93660,6.69,-10751.92
2016-07-22,Cash,,-5.29,,
2016-07-25,南方中证500ETF(510500.XSHG),14000,93800,6.7,-10611.92
2016-07-25,Cash,,-5.29,,
2016-07-26,南方中证500ETF(510500.XSHG),14000,95130,6.795,-9281.92
2016-07-26,Cash,,-5.29,,
2016-07-27,南方中证500ETF(510500.XSHG),14000,90930,6.495,-13481.92
2016-07-27,Cash,,-5.29,,
2016-07-28,南方中证500ETF(510500.XSHG),14000,91364,6.526,-13047.92
2016-07-28,Cash,,-5.29,,
2016-07-29,南方中证500ETF(510500.XSHG),14000,90720,6.48,-13691.92
2016-07-29,Cash,,-5.29,,
2016-08-01,南方中证500ETF(510500.XSHG),14000,89362,6.383,-15049.92
2016-08-01,Cash,,-5.29,,
2016-08-02,南方中证500ETF(510500.XSHG),14000,90230,6.445,-14181.92
2016-08-02,Cash,,-5.29,,
2016-08-03,南方中证500ETF(510500.XSHG),14000,90538,6.467,-13873.92
2016-08-03,Cash,,-5.29,,
2016-08-04,南方中证500ETF(510500.XSHG),14000,91084,6.506,-13327.92
2016-08-04,Cash,,-5.29,,
2016-08-05,南方中证500ETF(510500.XSHG),14000,90790,6.485,-13621.92
2016-08-05,Cash,,-5.29,,
2016-08-08,南方中证500ETF(510500.XSHG),14000,92050,6.575,-12361.92
2016-08-08,Cash,,-5.29,,
2016-08-09,南方中证500ETF(510500.XSHG),14000,92974,6.641,-11437.92
2016-08-09,Cash,,-5.29,,
2016-08-10,南方中证500ETF(510500.XSHG),14000,92512,6.608,-11899.92
2016-08-10,Cash,,-5.29,,
2016-08-11,南方中证500ETF(510500.XSHG),14000,90986,6.499,-13425.92
2016-08-11,Cash,,-5.29,,
2016-08-12,南方中证500ETF(510500.XSHG),14000,92274,6.591,-12137.92
2016-08-12,Cash,,-5.29,,
2016-08-15,南方中证500ETF(510500.XSHG),14000,94192,6.728,-10219.92
2016-08-15,Cash,,-5.29,,
2016-08-16,南方中证500ETF(510500.XSHG),14000,94626,6.759,-9785.92
2016-08-16,Cash,,-5.29,,
2016-08-17,南方中证500ETF(510500.XSHG),14000,94850,6.775,-9561.92
2016-08-17,Cash,,-5.29,,
2016-08-18,南方中证500ETF(510500.XSHG),14000,94878,6.777,-9533.92
2016-08-18,Cash,,-5.29,,
2016-08-19,南方中证500ETF(510500.XSHG),14000,94892,6.778,-9519.92
2016-08-19,Cash,,-5.29,,
2016-08-22,南方中证500ETF(510500.XSHG),14000,93842,6.703,-10569.92
2016-08-22,Cash,,-5.29,,
2016-08-23,南方中证500ETF(510500.XSHG),14000,94066,6.719,-10345.92
2016-08-23,Cash,,-5.29,,
2016-08-24,南方中证500ETF(510500.XSHG),14000,94122,6.723,-10289.92
2016-08-24,Cash,,-5.29,,
2016-08-25,南方中证500ETF(510500.XSHG),14000,93492,6.678,-10919.92
2016-08-25,Cash,,-5.29,,
2016-08-26,南方中证500ETF(510500.XSHG),14000,93954,6.711,-10457.92
2016-08-26,Cash,,-5.29,,
2016-08-29,南方中证500ETF(510500.XSHG),14000,94122,6.723,-10289.92
2016-08-29,Cash,,-5.29,,
2016-08-30,南方中证500ETF(510500.XSHG),14000,94066,6.719,-10345.92
2016-08-30,Cash,,-5.29,,
2016-08-31,南方中证500ETF(510500.XSHG),14000,94220,6.73,-10191.92
2016-08-31,Cash,,-5.29,,
2016-09-01,南方中证500ETF(510500.XSHG),14000,93338,6.667,-11073.92
2016-09-01,Cash,,-5.29,,
2016-09-02,南方中证500ETF(510500.XSHG),14000,92890,6.635,-11521.92
2016-09-02,Cash,,-5.29,,
2016-09-05,南方中证500ETF(510500.XSHG),14000,93548,6.682,-10863.92
2016-09-05,Cash,,-5.29,,
2016-09-06,南方中证500ETF(510500.XSHG),14000,95228,6.802,-9183.92
2016-09-06,Cash,,-5.29,,
2016-09-07,南方中证500ETF(510500.XSHG),14000,95004,6.786,-9407.92
2016-09-07,Cash,,-5.29,,
2016-09-08,南方中证500ETF(510500.XSHG),14000,95536,6.824,-8875.92
2016-09-08,Cash,,-5.29,,
2016-09-09,南方中证500ETF(510500.XSHG),14000,94612,6.758,-9799.92
2016-09-09,Cash,,-5.29,,
2016-09-12,南方中证500ETF(510500.XSHG),14000,92022,6.573,-12389.92
2016-09-12,Cash,,-5.29,,
