时间,基准收益,策略收益,当日盈利,当日亏损,当日买入,当日卖出,stock_price
2013-02-01 00:00:00,2.1,0,0,0,0,0,
2013-02-04 00:00:00,2.28,0,0,0,0,0,
2013-02-05 00:00:00,3.16,0,0,0,0,0,
2013-02-06 00:00:00,3.31,0,0,0,0,0,
2013-02-07 00:00:00,2.72,0,0,0,0,0,
2013-02-08 00:00:00,3.16,0,0,0,0,0,
2013-02-18 00:00:00,1.88,0,0,0,0,0,
2013-02-19 00:00:00,-0.05,0,0,0,0,0,
2013-02-20 00:00:00,0.59,0,0,0,0,0,
2013-02-21 00:00:00,-2.84,0,0,0,0,0,
2013-02-22 00:00:00,-3.36,0,0,0,0,0,
2013-02-25 00:00:00,-3.05,0,0,0,0,0,
2013-02-26 00:00:00,-4.44,0,0,0,0,0,
2013-02-27 00:00:00,-3.43,0,0,0,0,0,
2013-02-28 00:00:00,-0.5,0,0,0,0,0,
2013-03-01 00:00:00,-0.67,0,0,0,0,0,
2013-03-04 00:00:00,-5.25,0,0,0,0,0,
2013-03-05 00:00:00,-2.38,0,0,0,0,0,
2013-03-06 00:00:00,-1.37,0,0,0,0,0,
2013-03-07 00:00:00,-2.51,0,0,0,0,0,
2013-03-08 00:00:00,-2.98,0,0,0,0,0,
2013-03-11 00:00:00,-3.52,0,0,0,0,0,
2013-03-12 00:00:00,-4.89,0,0,0,0,0,
2013-03-13 00:00:00,-5.93,0,0,0,0,0,
2013-03-14 00:00:00,-5.68,0,0,0,0,0,
2013-03-15 00:00:00,-5.47,0,0,0,0,0,3.457
2013-03-18 00:00:00,-6.86,-0.1,0,-48.21,9913.36,0,3.4035
2013-03-19 00:00:00,-6.02,0.03,62.06,0,0,0,3.4249
2013-03-20 00:00:00,-2.85,0.55,258.68,0,0,0,3.5177
2013-03-21 00:00:00,-2.68,0.75,103.53,0,0,0,3.5498
2013-03-22 00:00:00,-2.55,0.83,37.44,0,711.54,0,3.564
2013-03-25 00:00:00,-2.75,0.75,0,-39.77,712.26,0,3.5462
2013-03-26 00:00:00,-4.16,0.5,0,-126.18,707.24,0,3.5177
2013-03-27 00:00:00,-3.85,0.57,37.45,0,0,0,3.5284
2013-03-28 00:00:00,-6.98,-0.12,0,-345.38,689.38,0,3.432
2013-03-29 00:00:00,-7.14,-0.09,13.32,0,0,0,3.4356
2013-04-01 00:00:00,-7.21,0.04,65.86,0,0,0,3.4534
2013-04-02 00:00:00,-7.46,-0.26,0,-150.88,683.68,0,3.4142
2013-04-03 00:00:00,-7.57,-0.44,0,-86.44,676.54,0,3.3892
2013-04-08 00:00:00,-7.99,-0.38,29.11,0,0,0,3.3999
2013-04-09 00:00:00,-7.35,-0.13,126.47,0,686.54,0,3.4356
2013-04-10 00:00:00,-7.5,-0.22,0,-46.01,0,0,3.4178
2013-04-11 00:00:00,-7.78,-0.28,0,-30.53,0,0,3.4142
2013-04-12 00:00:00,-8.37,-0.52,0,-122.55,0,0,3.3785
2013-04-15 00:00:00,-9.31,-1.06,0,-266.16,997.65,0,3.325
2013-04-16 00:00:00,-8.46,-0.69,180.78,0,0,0,3.3678
2013-04-17 00:00:00,-8.5,-0.44,125.98,0,678.68,0,3.3928
2013-04-18 00:00:00,-8.26,-0.35,44.8,0,682.26,0,3.4035
2013-04-19 00:00:00,-5.7,0.35,349.92,0,696.54,0,3.4748
2013-04-22 00:00:00,-5.81,0.57,110.24,0,695.82,0,3.4963
2013-04-23 00:00:00,-8.84,-0.53,0,-548.86,683.68,0,3.3964
2013-04-24 00:00:00,-7.12,0.22,375.42,0,691.52,0,3.4641
2013-04-25 00:00:00,-8.15,-0.28,0,-248.24,0,0,3.4213
2013-04-26 00:00:00,-8.92,-0.95,0,-338.58,675.84,0,3.3571
2013-05-02 00:00:00,-8.83,-0.83,64.2,0,0,0,3.375
2013-05-03 00:00:00,-7.22,0.02,421.96,0,690.1,0,3.4463
2013-05-06 00:00:00,-5.99,0.76,370.48,0,702.26,0,3.5105
2013-05-07 00:00:00,-5.84,0.84,40.3,0,702.96,0,3.5105
2013-05-08 00:00:00,-5.36,1.3,231.88,0,708.7,0,3.5498
2013-05-09 00:00:00,-5.92,1.3,0,-3.74,708.7,0,3.5533
2013-05-10 00:00:00,-5.44,1.59,144.64,0,714.4,0,3.5712
2013-05-13 00:00:00,-5.81,1.73,71.16,0,717.26,0,3.5819
2013-05-14 00:00:00,-7.2,1.13,0,-296.7,709.4,0,3.5426
2013-05-15 00:00:00,-6.7,1.94,404.28,0,716.54,0,3.5926
2013-05-16 00:00:00,-4.99,2.55,302.78,0,725.84,0,3.6318
2013-05-17 00:00:00,-3.53,3.33,392.58,0,738.68,0,3.6853
2013-05-20 00:00:00,-2.88,4.08,374.56,0,747.26,0,3.7317
2013-05-21 00:00:00,-2.68,4.8,356.44,0,752.98,0,3.7745
2013-05-22 00:00:00,-2.56,4.29,0,-251.22,1494.52,0,3.746
2013-05-23 00:00:00,-3.87,3.76,0,-266.9,747.98,0,3.7174
2013-05-24 00:00:00,-3.34,4.74,487.92,0,754.4,0,3.771
2013-05-27 00:00:00,-3.25,5.39,329.4,0,761.56,0,3.8066
2013-05-28 00:00:00,-1.58,5.66,130.62,0,765.84,0,3.8173
2013-05-29 00:00:00,-1.65,6.06,203.78,0,769.4,0,3.8423
2013-05-30 00:00:00,-1.96,6.26,100.34,0,772.26,0,3.853
2013-05-31 00:00:00,-2.99,5.95,0,-154.66,771.54,0,3.8387
2013-06-03 00:00:00,-3.14,5.44,0,-258.96,0,0,3.8066
2013-06-04 00:00:00,-4.51,3.79,0,-822.32,747.98,0,3.7317
2013-06-05 00:00:00,-4.7,4.1,151.58,0,0,0,3.746
2013-06-06 00:00:00,-5.92,2.64,0,-728.88,741.56,0,3.6853
2013-06-07 00:00:00,-7.54,1.16,0,-737.4,722.96,0,3.614
2013-06-13 00:00:00,-10.68,-1.13,0,-1146.5,705.1,0,3.5141
2013-06-14 00:00:00,-10.05,0.63,879.2,0,0,0,3.589
2013-06-17 00:00:00,-10.53,0.63,0,0,0,0,3.589
2013-06-18 00:00:00,-9.98,0.85,113.24,0,721.54,0,3.5997
2013-06-19 00:00:00,-10.65,0.53,0,-163.02,0,0,3.5854
2013-06-20 00:00:00,-13.6,-2.09,0,-1311.6,700.12,0,3.4677
2013-06-21 00:00:00,-13.75,-2.67,0,-290,0,0,3.4499
2013-06-24 00:00:00,-19.19,-7.51,0,-2416.95,983.73,0,3.2358
2013-06-25 00:00:00,-19.41,-7.85,0,-170.17,0,0,3.2287
2013-06-26 00:00:00,-19.3,-6.32,763.98,0,0,0,3.2893
2013-06-27 00:00:00,-19.58,-7.7,0,-688.76,975.15,0,3.2323
2013-06-28 00:00:00,-18.1,-7.53,86.62,0,0,0,3.2394
2013-07-01 00:00:00,-17.63,-6.05,737.38,0,986.94,0,3.3
2013-07-02 00:00:00,-17.3,-4.54,756.51,0,669.38,0,3.3607
2013-07-03 00:00:00,-17.98,-4.55,0,-5.82,672.96,0,3.3607
2013-07-04 00:00:00,-17.3,-3.84,356.81,0,683.68,0,3.3892
2013-07-05 00:00:00,-17.12,-4.23,0,-197.56,681.54,0,3.375
2013-07-08 00:00:00,-19.47,-7.59,0,-1679.13,987.99,0,3.2501
2013-07-09 00:00:00,-19.51,-7.3,145.52,0,0,0,3.2608
2013-07-10 00:00:00,-17.23,-4.49,1405.36,0,670.1,0,3.3678
2013-07-11 00:00:00,-13.41,-1.74,1371.38,0,693.68,0,3.4606
2013-07-12 00:00:00,-15.32,-2.56,0,-406.57,346.13,0,3.4356
2013-07-15 00:00:00,-14.13,-0.85,855.87,0,0,0,3.4998
2013-07-16 00:00:00,-13.73,0.36,603.48,0,0,0,3.5391
2013-07-17 00:00:00,-15.04,-0.95,0,-654.24,0,0,3.4927
2013-07-18 00:00:00,-16.43,-1.15,0,-100.11,0,0,3.4856
2013-07-19 00:00:00,-18.48,-3.36,0,-1106.85,0,0,3.4071
2013-07-22 00:00:00,-18.04,-1.55,905.22,0,0,0,3.4713
2013-07-23 00:00:00,-15.67,0.76,1156.2,0,0,0,3.5498
2013-07-24 00:00:00,-16.29,1.27,252.39,0,0,0,3.5712
2013-07-25 00:00:00,-16.72,-0.45,0,-855.87,0,0,3.5105
2013-07-26 00:00:00,-17.23,-0.65,0,-100.11,0,0,3.5034
2013-07-29 00:00:00,-19.02,-2.66,0,-1006.74,0,0,3.4392
2013-07-30 00:00:00,-18.52,-3.16,0,-250.98,0,0,3.4142
2013-07-31 00:00:00,-18.38,-2.56,301.74,0,0,0,3.4356
2013-08-01 00:00:00,-16.43,0.16,1357.83,0,0,0,3.5319
2013-08-02 00:00:00,-16.36,0.36,101.52,0,0,0,3.5355
2013-08-05 00:00:00,-15.21,2.07,854.46,0,0,0,3.5997
2013-08-06 00:00:00,-14.64,3.08,503.37,0,0,0,3.639
2013-08-07 00:00:00,-15.12,1.77,0,-654.24,0,0,3.5926
2013-08-08 00:00:00,-15.26,1.97,100.11,0,0,0,3.5961
2013-08-09 00:00:00,-14.92,2.47,252.39,0,0,0,3.614
2013-08-12 00:00:00,-12.43,4.28,905.22,0,0,0,3.6746
2013-08-13 00:00:00,-12.2,4.69,201.63,0,0,0,3.6853
2013-08-14 00:00:00,-12.57,4.18,0,-252.39,0,0,3.6746
2013-08-15 00:00:00,-13.6,2.88,0,-652.83,0,0,3.6247
2013-08-16 00:00:00,-14.24,0.66,0,-1106.85,0,0,3.5498
2013-08-19 00:00:00,-13.23,2.37,854.46,0,0,0,3.614
2013-08-20 00:00:00,-13.93,1.77,0,-301.74,0,0,3.589
2013-08-21 00:00:00,-14.08,2.47,352.5,0,0,0,3.614
2013-08-22 00:00:00,-14.25,2.98,250.98,0,0,0,3.6318
2013-08-23 00:00:00,-14.89,2.67,0,-150.87,0,0,3.6211
2013-08-26 00:00:00,-13.07,4.89,1106.85,0,0,0,3.6996
2013-08-27 00:00:00,-12.88,5.69,401.85,0,0,0,3.7281
2013-08-28 00:00:00,-13.35,5.09,0,-301.74,0,0,3.7067
2013-08-29 00:00:00,-13.72,5.09,0,0,0,0,3.7067
2013-08-30 00:00:00,-13.88,3.98,0,-552.72,0,0,3.6675
2013-09-02 00:00:00,-13.64,4.18,100.11,0,0,0,3.6746
2013-09-03 00:00:00,-12.37,6.2,1006.74,0,0,0,3.7531
2013-09-04 00:00:00,-12.51,6.09,0,-50.76,0,0,3.7424
2013-09-05 00:00:00,-12.85,6.7,301.74,0,0,0,3.7353
2013-09-06 00:00:00,-12.25,7.5,403.26,0,0,0,3.7924
2013-09-09 00:00:00,-9.17,8.31,401.85,0,0,0,3.8316
2013-09-10 00:00:00,-7.89,9.21,452.61,0,0,0,3.8459
2013-09-11 00:00:00,-7.59,8.81,0,-201.63,0,0,3.8387
2013-09-12 00:00:00,-6.68,8.21,0,-301.74,0,0,3.8173
2013-09-13 00:00:00,-7.37,8.51,150.87,0,0,0,3.828
2013-09-16 00:00:00,-7.76,8.41,0,-49.35,0,0,3.8245
2013-09-17 00:00:00,-9.66,8.11,0,-150.87,0,0,3.8138
2013-09-18 00:00:00,-9.47,8.41,150.87,0,0,0,3.8209
2013-09-23 00:00:00,-7.99,10.52,1056.09,0,0,0,3.8994
2013-09-24 00:00:00,-9.04,10.52,0,0,0,0,3.8994
2013-09-25 00:00:00,-9.6,10.72,100.11,0,0,0,3.9065
2013-09-26 00:00:00,-11.26,9.41,0,-654.24,0,0,3.8601
2013-09-27 00:00:00,-10.86,8.81,0,-301.74,0,0,3.8387
2013-09-30 00:00:00,-10.34,11.13,1157.61,0,0,0,3.8887
2013-10-08 00:00:00,-9.12,11.53,201.63,0,0,0,3.9351
2013-10-09 00:00:00,-8.68,12.83,652.83,0,0,0,3.9814
2013-10-10 00:00:00,-9.59,12.33,0,-250.98,0,0,3.9529
2013-10-11 00:00:00,-8.13,14.04,855.87,0,0,0,4.0243
2013-10-14 00:00:00,-7.98,15.15,552.72,0,0,0,4.0599
2013-10-15 00:00:00,-8.16,15.45,150.87,0,0,0,4.0742
2013-10-16 00:00:00,-9.88,12.23,0,-1610.22,0,0,3.9672
2013-10-17 00:00:00,-10.18,11.43,0,-401.85,0,0,3.9458
2013-10-18 00:00:00,-9.71,12.53,552.72,0,0,0,3.9636
2013-10-21 00:00:00,-8.02,15.25,1359.24,0,0,0,4.0671
2013-10-22 00:00:00,-8.97,14.14,0,-554.13,0,0,4.0278
2013-10-23 00:00:00,-9.99,11.33,0,-1408.59,0,0,3.9279
2013-10-24 00:00:00,-10.66,10.93,0,-200.22,0,0,3.8923
2013-10-25 00:00:00,-11.85,8.01,0,-1459.35,0,0,3.8173
2013-10-28 00:00:00,-11.94,7.81,0,-100.11,0,0,3.8031
2013-10-29 00:00:00,-11.72,4.89,0,-1459.35,0,0,3.6925
2013-10-30 00:00:00,-10.4,6.6,855.87,0,0,0,3.7638
2013-10-31 00:00:00,-11.66,5.39,0,-604.89,0,0,3.7139
2013-11-01 00:00:00,-11.24,4.99,0,-200.22,0,0,3.6996
2013-11-04 00:00:00,-11.4,5.49,250.98,0,0,0,3.7246
2013-11-05 00:00:00,-11.28,6.9,705,0,0,0,3.771
2013-11-06 00:00:00,-12.41,6.09,0,-403.26,0,0,3.7424
2013-11-07 00:00:00,-12.89,4.48,0,-805.11,0,0,3.6853
2013-11-08 00:00:00,-14.1,2.98,0,-754.35,0,0,3.6318
2013-11-11 00:00:00,-13.81,3.38,201.63,0,0,0,3.6461
2013-11-12 00:00:00,-12.91,4.18,401.85,0,0,0,3.6746
2013-11-13 00:00:00,-14.84,2.47,0,-854.46,0,0,3.6068
2013-11-14 00:00:00,-14.23,3.68,603.48,0,0,0,3.6568
2013-11-15 00:00:00,-12.51,5.89,1106.85,0,0,0,3.7353
2013-11-18 00:00:00,-9.6,8.31,1206.96,0,0,0,3.8245
2013-11-19 00:00:00,-10.22,8.81,250.98,0,0,0,3.8387
2013-11-20 00:00:00,-9.75,9.92,554.13,0,0,0,3.8744
2013-11-21 00:00:00,-10.31,9.52,0,-201.63,0,0,3.8637
2013-11-22 00:00:00,-10.75,8.91,0,-301.74,0,0,3.8423
2013-11-25 00:00:00,-11.1,8.51,0,-201.63,0,0,3.828
2013-11-26 00:00:00,-11.15,8.91,201.63,0,0,0,3.8423
2013-11-27 00:00:00,-10.14,10.02,554.13,0,0,0,3.8816
2013-11-28 00:00:00,-9.21,11.13,552.72,0,0,0,3.9208
2013-11-29 00:00:00,-9.23,11.63,250.98,0,0,0,3.9386
2013-12-02 00:00:00,-9.98,6.9,0,-2363.16,0,0,3.7674
2013-12-03 00:00:00,-9.08,9.21,1156.2,0,0,0,3.8494
2013-12-04 00:00:00,-7.88,11.23,1006.74,0,0,0,3.9244
2013-12-05 00:00:00,-8.14,11.23,0,0,0,0,3.9244
2013-12-06 00:00:00,-8.73,11.02,0,-101.52,0,0,3.9172
2013-12-09 00:00:00,-8.78,11.73,352.5,0,0,0,3.9422
2013-12-10 00:00:00,-8.69,11.73,0,0,0,0,3.9422
2013-12-11 00:00:00,-10.2,10.62,0,-552.72,0,0,3.8887
2013-12-12 00:00:00,-10.3,10.82,100.11,0,0,0,3.9101
2013-12-13 00:00:00,-10.43,11.02,100.11,0,0,0,3.9137
2013-12-16 00:00:00,-11.87,9.11,0,-955.98,0,0,3.853
2013-12-17 00:00:00,-12.3,8.41,0,-351.09,0,0,3.8245
2013-12-18 00:00:00,-12.27,8.21,0,-101.52,0,0,3.8173
2013-12-19 00:00:00,-13.19,7.4,0,-401.85,0,0,3.7888
2013-12-20 00:00:00,-15.21,6,0,-703.59,0,0,3.7389
2013-12-23 00:00:00,-14.97,5.79,0,-101.52,0,0,3.7317
2013-12-24 00:00:00,-14.84,6.4,301.74,0,0,0,3.7531
2013-12-25 00:00:00,-14.21,7.7,654.24,0,0,0,3.8031
2013-12-26 00:00:00,-15.69,5.79,0,-955.98,0,0,3.7317
2013-12-27 00:00:00,-14.27,7.5,855.87,0,0,0,3.7924
2013-12-30 00:00:00,-14.42,7.81,150.87,0,0,0,3.8031
2013-12-31 00:00:00,-13.28,8.31,250.98,0,0,0,3.8209
2014-01-02 00:00:00,-13.58,8.91,301.74,0,0,0,3.8387
2014-01-03 00:00:00,-14.74,8.21,0,-352.5,0,0,3.8173
2014-01-06 00:00:00,-16.68,5.19,0,-1508.7,0,0,3.7103
2014-01-07 00:00:00,-16.71,5.59,201.63,0,0,0,3.7281
2014-01-08 00:00:00,-16.56,5.69,49.35,0,0,0,3.7281
2014-01-09 00:00:00,-17.29,4.69,0,-501.96,0,0,3.696
2014-01-10 00:00:00,-17.94,2.67,0,-1006.74,0,0,3.6211
2014-01-13 00:00:00,-18.36,2.17,0,-250.98,0,0,3.5997
2014-01-14 00:00:00,-17.64,3.98,905.22,0,0,0,3.6675
2014-01-15 00:00:00,-17.79,4.59,301.74,0,0,0,3.6889
2014-01-16 00:00:00,-17.68,5.19,301.74,0,0,0,3.7103
2014-01-17 00:00:00,-18.92,3.78,0,-703.59,0,0,3.6604
2014-01-20 00:00:00,-19.39,3.08,0,-352.5,0,0,3.6354
2014-01-21 00:00:00,-18.59,4.28,603.48,0,0,0,3.6782
2014-01-22 00:00:00,-16.49,7.4,1559.46,0,0,0,3.7888
2014-01-23 00:00:00,-16.93,8.21,401.85,0,0,0,3.8173
2014-01-24 00:00:00,-16.42,9.92,855.87,0,0,0,3.8851
2014-01-27 00:00:00,-17.53,9.82,0,-50.76,0,0,3.8744
2014-01-28 00:00:00,-17.38,9.62,0,-100.11,0,0,3.8673
2014-01-29 00:00:00,-17.09,10.42,401.85,0,0,0,3.8958
2014-01-30 00:00:00,-18.03,9.82,0,-301.74,0,0,3.8744
2014-02-07 00:00:00,-17.66,11.93,1056.09,0,0,0,3.9493
2014-02-10 00:00:00,-15.61,15.15,1610.22,0,0,0,4.0635
2014-02-11 00:00:00,-14.94,15.45,150.87,0,0,0,4.0742
2014-02-12 00:00:00,-14.72,16.66,603.48,0,0,0,4.117
2014-02-13 00:00:00,-15.16,14.95,0,-854.46,0,0,4.0564
2014-02-14 00:00:00,-14.56,16.86,955.98,0,0,0,4.1206
2014-02-17 00:00:00,-13.97,19.07,1105.44,0,0,0,4.2026
2014-02-18 00:00:00,-15.05,18.77,0,-150.87,0,0,4.1919
2014-02-19 00:00:00,-14.08,18.87,50.76,0,0,0,4.1955
2014-02-20 00:00:00,-14.87,17.16,0,-854.46,0,0,4.1349
2014-02-21 00:00:00,-15.73,16.46,0,-352.5,0,0,4.1063
2014-02-24 00:00:00,-17.58,15.95,0,-252.39,0,0,4.092
2014-02-25 00:00:00,-19.69,11.93,0,-2012.07,0,0,3.9493
2014-02-26 00:00:00,-19.48,12.53,301.74,0,0,0,3.9707
2014-02-27 00:00:00,-19.83,11.02,0,-754.35,0,0,3.9137
2014-02-28 00:00:00,-18.9,12.23,603.48,0,0,0,3.9565
2014-03-03 00:00:00,-18.48,14.55,1157.61,0,0,0,4.0457
2014-03-04 00:00:00,-18.71,14.44,0,-50.76,0,0,4.035
2014-03-05 00:00:00,-19.46,13.84,0,-301.74,0,0,4.0171
2014-03-06 00:00:00,-19.1,13.74,0,-49.35,0,0,4.0136
2014-03-07 00:00:00,-19.3,13.34,0,-201.63,0,0,3.9957
2014-03-10 00:00:00,-21.92,9.11,0,-2113.59,0,0,3.8494
2014-03-11 00:00:00,-21.52,9.21,50.76,0,0,0,3.8494
2014-03-12 00:00:00,-21.32,9.21,0,0,0,0,3.853
2014-03-13 00:00:00,-20.34,10.42,603.48,0,0,0,3.8887
2014-03-14 00:00:00,-20.99,9.72,0,-351.09,0,0,3.8637
2014-03-17 00:00:00,-20.24,12.13,1206.96,0,0,0,3.9565
2014-03-18 00:00:00,-20.42,12.74,301.74,0,0,0,3.9779
2014-03-19 00:00:00,-21.07,12.33,0,-201.63,0,0,3.9636
2014-03-20 00:00:00,-22.33,9.52,0,-1408.59,0,0,3.8637
2014-03-21 00:00:00,-19.65,11.53,1006.74,0,0,0,3.9386
2014-03-24 00:00:00,-18.99,12.53,501.96,0,0,0,3.9707
2014-03-25 00:00:00,-19.07,12.53,0,0,0,0,3.9707
2014-03-26 00:00:00,-19.2,12.94,201.63,0,0,0,3.985
2014-03-27 00:00:00,-19.77,11.43,0,-754.35,0,0,3.9315
2014-03-28 00:00:00,-19.91,9.01,0,-1206.96,0,0,3.8494
2014-03-31 00:00:00,-20.12,8.41,0,-301.74,0,0,3.8245
2014-04-01 00:00:00,-19.49,10.12,854.46,0,0,0,3.8851
2014-04-02 00:00:00,-18.84,10.22,50.76,0,0,0,3.8851
2014-04-03 00:00:00,-19.42,10.02,0,-100.11,0,0,3.878
2014-04-04 00:00:00,-18.66,11.13,552.72,0,0,0,3.9208
2014-04-08 00:00:00,-16.73,12.43,654.24,0,0,0,3.9707
2014-04-09 00:00:00,-16.68,13.44,503.37,0,0,0,3.9993
2014-04-10 00:00:00,-15.38,13.94,250.98,0,0,0,4.0171
2014-04-11 00:00:00,-15.49,13.44,0,-250.98,0,0,4.0029
2014-04-14 00:00:00,-15.57,14.35,452.61,0,0,0,4.035
2014-04-15 00:00:00,-17.02,13.54,0,-403.26,0,0,4.0064
2014-04-16 00:00:00,-16.91,13.44,0,-49.35,0,0,4.0029
2014-04-17 00:00:00,-17.2,13.34,0,-50.76,0,0,3.9957
2014-04-18 00:00:00,-17.21,13.84,250.98,0,0,0,4.0136
2014-04-21 00:00:00,-18.6,11.93,0,-955.98,0,0,3.9458
2014-04-22 00:00:00,-18.24,11.33,0,-301.74,0,0,3.9279
2014-04-23 00:00:00,-18.32,10.82,0,-250.98,0,0,3.9137
2014-04-24 00:00:00,-18.48,9.72,0,-552.72,0,0,3.8709
2014-04-25 00:00:00,-19.32,7.3,0,-1208.37,0,0,3.7924
2014-04-28 00:00:00,-20.54,4.08,0,-1608.81,0,0,3.6711
2014-04-29 00:00:00,-19.67,5.49,703.59,0,0,0,3.721
2014-04-30 00:00:00,-19.66,6.3,403.26,0,0,0,3.7496
2014-05-05 00:00:00,-19.74,7.2,452.61,0,0,0,3.7817
2014-05-06 00:00:00,-19.71,7.6,200.22,0,0,0,3.7959
2014-05-07 00:00:00,-20.45,5.89,0,-854.46,0,0,3.7353
2014-05-08 00:00:00,-20.52,6,50.76,0,0,0,3.7389
2014-05-09 00:00:00,-20.58,4.99,0,-503.37,0,0,3.7032
2014-05-12 00:00:00,-18.86,7.7,1357.83,0,0,0,3.7959
2014-05-13 00:00:00,-19.06,7.5,0,-100.11,0,0,3.7852
2014-05-14 00:00:00,-19.15,7.2,0,-150.87,0,0,3.7817
2014-05-15 00:00:00,-20.2,5.49,0,-855.87,0,0,3.721
2014-05-16 00:00:00,-20.13,5.29,0,-100.11,0,0,3.7139
2014-05-19 00:00:00,-21.28,4.48,0,-403.26,0,0,3.6853
2014-05-20 00:00:00,-21.26,4.99,252.39,0,0,0,3.7032
2014-05-21 00:00:00,-20.51,5.89,452.61,0,0,0,3.7353
2014-05-22 00:00:00,-20.69,5.89,0,0,0,0,3.7353
2014-05-23 00:00:00,-20.04,7.2,654.24,0,0,0,3.7817
2014-05-26 00:00:00,-19.76,8.31,552.72,0,0,0,3.8173
2014-05-27 00:00:00,-20.08,7.9,0,-201.63,0,0,3.8066
2014-05-28 00:00:00,-19.26,9.21,654.24,0,0,0,3.853
2014-05-29 00:00:00,-19.79,8.01,0,-603.48,0,0,3.8066
2014-05-30 00:00:00,-19.74,8.31,150.87,0,0,0,3.8209
2014-06-03 00:00:00,-19.98,8.01,0,-150.87,0,0,3.8173
2014-06-04 00:00:00,-20.79,7.2,0,-401.85,0,0,3.7817
2014-06-05 00:00:00,-19.96,8.41,603.48,0,0,0,3.8245
2014-06-06 00:00:00,-20.55,8.11,0,-150.87,0,0,3.8102
2014-06-09 00:00:00,-20.57,7.3,0,-403.26,0,0,3.7852
2014-06-10 00:00:00,-19.56,8.71,705,0,0,0,3.8316
2014-06-11 00:00:00,-19.58,9.21,250.98,0,0,0,3.853
2014-06-12 00:00:00,-19.85,9.01,0,-100.11,0,0,3.8459
2014-06-13 00:00:00,-19,10.22,603.48,0,0,0,3.8887
2014-06-16 00:00:00,-18.42,10.72,250.98,0,0,0,3.9065
2014-06-17 00:00:00,-19.25,9.82,0,-452.61,0,0,3.8744
2014-06-18 00:00:00,-19.6,9.31,0,-250.98,0,0,3.853
2014-06-19 00:00:00,-20.84,6.3,0,-1508.7,0,0,3.7496
2014-06-20 00:00:00,-20.48,7.3,501.96,0,0,0,3.7852
2014-06-23 00:00:00,-20.57,8.11,403.26,0,0,0,3.8138
2014-06-24 00:00:00,-20.17,8.81,351.09,0,0,0,3.8352
2014-06-25 00:00:00,-20.6,8.21,0,-301.74,0,0,3.8173
2014-06-26 00:00:00,-20.02,9.62,705,0,0,0,3.8673
2014-06-27 00:00:00,-19.97,10.22,301.74,0,0,0,3.8923
2014-06-30 00:00:00,-19.42,11.33,552.72,0,0,0,3.9244
2014-07-01 00:00:00,-19.44,12.13,403.26,0,0,0,3.9565
2014-07-02 00:00:00,-19.2,12.94,401.85,0,0,0,3.9814
2014-07-03 00:00:00,-18.86,14.04,554.13,0,0,0,4.0243
2014-07-04 00:00:00,-18.91,13.74,0,-150.87,0,0,4.0136
2014-07-07 00:00:00,-19,13.94,100.11,0,0,0,4.0171
2014-07-08 00:00:00,-18.85,14.75,401.85,0,0,0,4.0492
2014-07-09 00:00:00,-20.03,13.04,0,-854.46,0,0,3.9886
2014-07-10 00:00:00,-20.25,12.94,0,-50.76,0,0,3.9886
2014-07-11 00:00:00,-20.06,14.44,754.35,0,0,0,4.035
2014-07-14 00:00:00,-19.17,16.05,805.11,0,0,0,4.0956
2014-07-15 00:00:00,-19.05,16.25,100.11,0,0,0,4.1027
2014-07-16 00:00:00,-19.2,15.35,0,-452.61,0,0,4.0706
2014-07-17 00:00:00,-19.72,14.55,0,-401.85,0,0,4.0421
2014-07-18 00:00:00,-19.46,14.75,100.11,0,0,0,4.0492
2014-07-21 00:00:00,-19.38,14.44,0,-150.87,0,0,4.0385
2014-07-22 00:00:00,-18.39,16.05,805.11,0,0,0,4.0956
2014-07-23 00:00:00,-18.2,15.25,0,-401.85,0,0,4.0635
2014-07-24 00:00:00,-16.74,15.15,0,-50.76,0,0,4.0635
2014-07-25 00:00:00,-15.87,16.16,503.37,0,0,0,4.0956
2014-07-28 00:00:00,-13.51,18.17,1005.33,0,0,0,4.1705
2014-07-29 00:00:00,-13.23,19.28,554.13,0,0,0,4.2098
2014-07-30 00:00:00,-13.58,19.48,100.11,0,0,0,4.2169
2014-07-31 00:00:00,-12.53,20.89,705,0,0,0,4.2704
2014-08-01 00:00:00,-13.3,19.78,0,-554.13,0,0,4.2205
2014-08-04 00:00:00,-11.58,21.39,805.11,0,0,0,4.2847
2014-08-05 00:00:00,-11.82,21.89,250.98,0,0,0,4.3025
2014-08-06 00:00:00,-12.05,22.79,452.61,0,0,0,4.3346
2014-08-07 00:00:00,-13.38,21.69,0,-552.72,0,0,4.299
2014-08-08 00:00:00,-13.24,22.29,301.74,0,0,0,4.3168
2014-08-11 00:00:00,-11.97,24.2,955.98,0,0,0,4.3846
2014-08-12 00:00:00,-12.28,24.91,352.5,0,0,0,4.4096
2014-08-13 00:00:00,-12.21,24.91,0,0,0,0,4.4096
2014-08-14 00:00:00,-13.06,24.1,0,-403.26,0,0,4.381
2014-08-15 00:00:00,-12.14,25.61,754.35,0,0,0,4.4274
2014-08-18 00:00:00,-11.62,27.42,906.63,0,0,0,4.4988
2014-08-19 00:00:00,-11.62,27.73,150.87,0,0,0,4.5059
2014-08-20 00:00:00,-11.94,27.73,0,0,0,0,4.5095
2014-08-21 00:00:00,-12.38,27.52,0,-101.52,0,0,4.5023
2014-08-22 00:00:00,-11.97,28.33,403.26,0,0,0,4.5309
2014-08-25 00:00:00,-12.8,27.32,0,-503.37,0,0,4.4952
2014-08-26 00:00:00,-13.5,25.31,0,-1006.74,0,0,4.4203
2014-08-27 00:00:00,-13.37,25.41,50.76,0,0,0,4.431
2014-08-28 00:00:00,-13.98,24.31,0,-552.72,0,0,4.3953
2014-08-29 00:00:00,-12.97,25.81,754.35,0,0,0,4.4381
2014-09-01 00:00:00,-12.34,27.93,1056.09,0,0,0,4.5166
2014-09-02 00:00:00,-11.18,29.94,1005.33,0,0,0,4.5915
2014-09-03 00:00:00,-10.35,30.94,503.37,0,0,0,4.62
2014-09-04 00:00:00,-9.7,31.85,452.61,0,0,0,4.6593
2014-09-05 00:00:00,-8.84,32.45,301.74,0,0,0,4.6771
2014-09-09 00:00:00,-8.99,33.46,503.37,0,0,0,4.7128
2014-09-10 00:00:00,-9.47,33.66,100.11,0,0,0,4.7199
2014-09-11 00:00:00,-9.8,33.46,0,-100.11,0,0,4.7128
2014-09-12 00:00:00,-9.25,35.07,805.11,0,0,0,4.7699
2014-09-15 00:00:00,-9.29,36.28,603.48,0,0,0,4.8127
2014-09-16 00:00:00,-11.1,31.85,0,-2213.7,0,0,4.6522
2014-09-17 00:00:00,-10.63,32.96,554.13,0,0,0,4.695
2014-09-18 00:00:00,-10.35,33.86,452.61,0,0,0,4.7271
2014-09-19 00:00:00,-9.74,35.07,603.48,0,0,0,4.7699
2014-09-22 00:00:00,-11.46,33.16,0,-955.98,0,0,4.7021
2014-09-23 00:00:00,-10.7,34.97,905.22,0,0,0,4.7663
2014-09-24 00:00:00,-9.12,36.78,905.22,0,0,0,4.827
2014-09-25 00:00:00,-9.3,36.58,0,-100.11,0,0,4.8234
2014-09-26 00:00:00,-9.29,37.08,250.98,0,0,0,4.8412
2014-09-29 00:00:00,-8.9,38.59,755.76,0,0,0,4.8912
2014-09-30 00:00:00,-8.78,39.5,452.61,0,0,0,4.9269
2014-10-08 00:00:00,-7.76,41.91,1206.96,0,0,0,5.0125
2014-10-09 00:00:00,-7.63,42.01,50.76,0,0,0,5.0125
2014-10-10 00:00:00,-8.19,41.31,0,-352.5,0,0,4.9911
2014-10-13 00:00:00,-8.63,41.41,49.35,0,0,0,4.9911
2014-10-14 00:00:00,-8.94,40.56,0,-424.48,0,-28726.82,4.9732
2014-10-15 00:00:00,-8.3,40.84,139.02,0,0,-17447.5,4.9946
2014-10-16 00:00:00,-9.02,40.23,0,-301.44,0,-9410.51,4.9197
2014-10-17 00:00:00,-9.12,39.94,0,-144.71,0,0,4.8662
2014-10-20 00:00:00,-8.64,40.29,173.14,0,0,-5412.88,4.9376
2014-10-21 00:00:00,-9.43,40.12,0,-83.52,0,0,4.8876
2014-10-22 00:00:00,-9.98,39.9,0,-109.26,0,0,4.8305
2014-10-23 00:00:00,-10.83,39.69,0,-109.08,0,0,4.7699
2014-10-24 00:00:00,-11.02,39.74,25.74,0,0,0,4.7877
2014-10-27 00:00:00,-11.84,39.87,64.08,0,0,0,4.8163
2014-10-28 00:00:00,-10.06,40.27,202.2,0,985.16,0,4.934
2014-10-29 00:00:00,-8.76,40.57,147.86,0,998.72,0,5.0089
2014-10-30 00:00:00,-8.11,40.51,0,-28.34,999.44,0,4.9982
2014-10-31 00:00:00,-6.65,40.52,6,0,998,0,5.0018
2014-11-03 00:00:00,-6.49,40.72,98.79,0,502.23,0,5.0375
2014-11-04 00:00:00,-6.47,40.55,0,-82.21,501.51,0,5.0089
2014-11-05 00:00:00,-6.83,40.5,0,-26.57,502.23,0,5.0054
2014-11-06 00:00:00,-6.73,40.7,98.69,0,503.65,0,5.0375
2014-11-07 00:00:00,-6.88,40.38,0,-160.5,0,0,4.9875
2014-11-10 00:00:00,-4.51,40.69,156.66,0,502.94,0,5.041
2014-11-11 00:00:00,-4.77,39.73,0,-480.32,977.3,0,4.8841
2014-11-12 00:00:00,-3.45,40.27,270.93,0,0,0,4.9697
2014-11-13 00:00:00,-3.99,40.01,0,-129.69,0,0,4.9304
2014-11-14 00:00:00,-3.94,39.92,0,-46.86,0,0,4.9126
2014-11-17 00:00:00,-4.46,40.26,168.91,0,996.58,0,4.9625
2014-11-18 00:00:00,-5.41,40.22,0,-19.54,995.16,0,4.9697
2014-11-19 00:00:00,-5.57,40.39,86.28,0,999.44,0,4.9911
2014-11-20 00:00:00,-5.57,40.33,0,-32.16,995.86,0,4.9804
2014-11-21 00:00:00,-3.85,40.78,229.56,0,503.65,0,5.041
2014-11-24 00:00:00,-1.4,41.47,340.62,0,511.51,0,5.1159
2014-11-25 00:00:00,-0.05,42.1,317.5,0,519.37,0,5.198
2014-11-26 00:00:00,1.34,42.25,73.03,0,521.87,0,5.2194
2014-11-27 00:00:00,2.52,42.63,190.27,0,523.65,0,5.2551
2014-11-28 00:00:00,4.54,42.45,0,-87.98,524.72,0,5.2408
2014-12-01 00:00:00,4.95,42.2,0,-123.5,522.58,0,5.2123
2014-12-02 00:00:00,8.82,42.85,320.5,0,528.3,0,5.2836
2014-12-03 00:00:00,10.45,43.5,326.56,0,535.8,0,5.3514
2014-12-04 00:00:00,15.54,44.56,529.68,0,546.16,0,5.4549
2014-12-05 00:00:00,16.3,43.41,0,-571.82,1067.32,0,5.3478
2014-12-08 00:00:00,21.07,44.16,371.68,0,543.66,0,5.4192
2014-12-09 00:00:00,15.63,41.74,0,-1209.76,530.08,0,5.198
2014-12-10 00:00:00,19.9,43.98,1118.7,0,0,0,5.3907
2014-12-11 00:00:00,18.46,44.71,368.82,0,545.44,0,5.4834
2014-12-12 00:00:00,18.85,45.06,174.08,0,550.8,0,5.4941
2014-12-15 00:00:00,19.74,46.07,503.46,0,559.02,0,5.5904
2014-12-16 00:00:00,22.95,46.18,57.79,0,559.38,0,5.6047
2014-12-17 00:00:00,25.07,45.67,0,-257.46,1106.6,0,5.5548
2014-12-18 00:00:00,24.53,45.83,82.26,0,557.23,0,5.5655
2014-12-19 00:00:00,25.91,45.21,0,-309.38,0,0,5.5227
2014-12-22 00:00:00,26.34,42.59,0,-1313.61,534.73,0,5.3086
2014-12-23 00:00:00,23.75,41.08,0,-752.06,524.36,0,5.1944
2014-12-24 00:00:00,20.23,41.95,433.92,0,0,0,5.2587
2014-12-25 00:00:00,24.14,43.28,662.4,0,0,0,5.3621
2014-12-26 00:00:00,28.25,43.95,338.17,0,541.15,0,5.4156
2014-12-29 00:00:00,28.6,42.85,0,-549.97,1073.74,0,5.3407
2014-12-30 00:00:00,28.68,41.6,0,-627.45,525.8,0,5.2444
2014-12-31 00:00:00,31.52,42.52,461.04,0,0,0,5.3122
2015-01-05 00:00:00,35.53,43.67,574.63,0,542.23,0,5.3978
2015-01-06 00:00:00,35.51,44.79,561.91,0,546.87,0,5.4763
2015-01-07 00:00:00,35.61,44.83,19.53,0,549.01,0,5.4834
2015-01-08 00:00:00,32.47,44.1,0,-364.59,548.65,0,5.437
2015-01-09 00:00:00,32,43.66,0,-219.44,549.01,0,5.3978
2015-01-12 00:00:00,30.77,42.51,0,-579.07,533.66,0,5.3264
2015-01-13 00:00:00,30.79,43.62,555,0,0,0,5.3978
2015-01-14 00:00:00,30.35,43.3,0,-158.36,0,0,5.3764
2015-01-15 00:00:00,34.14,44.61,657.95,0,543.3,0,5.4691
2015-01-16 00:00:00,35.29,45.35,370.03,0,551.88,0,5.5191
2015-01-19 00:00:00,24.87,41.71,0,-1821.69,528.3,0,5.2801
2015-01-20 00:00:00,26.4,44.57,1426.96,0,542.95,0,5.462
2015-01-21 00:00:00,32.08,46.67,1051.21,0,560.8,0,5.6047
2015-01-22 00:00:00,32.78,48.12,727.06,0,570.45,0,5.6939
2015-01-23 00:00:00,32.93,47.25,0,-437.96,1128.04,0,5.6404
2015-01-26 00:00:00,34.28,49.23,990.02,0,575.81,0,5.7617
2015-01-27 00:00:00,33.05,49.46,115.48,0,575.81,0,5.776
2015-01-28 00:00:00,31.2,48.96,0,-247.38,576.88,0,5.7474
2015-01-29 00:00:00,29.59,48.34,0,-312.02,574.74,0,5.7117
2015-01-30 00:00:00,27.82,47.17,0,-582.22,0,0,5.644
2015-02-02 00:00:00,24.83,46.74,0,-215,0,0,5.619
2015-02-03 00:00:00,27.93,48.51,883.18,0,573.3,0,5.7189
2015-02-04 00:00:00,26.61,48,0,-256.15,572.59,0,5.6939
2015-02-05 00:00:00,25.31,47.29,0,-354.58,570.09,0,5.6618
2015-02-06 00:00:00,23.28,45.31,0,-990.37,555.44,0,5.5441
2015-02-09 00:00:00,24.53,44.73,0,-288.9,0,0,5.5084
2015-02-10 00:00:00,26.8,45.95,609.3,0,0,0,5.5797
2015-02-11 00:00:00,27.81,47.03,541.68,0,563.66,0,5.644
2015-02-12 00:00:00,28.14,47.86,416.19,0,569.73,0,5.6868
2015-02-13 00:00:00,29.14,49.5,816,0,577.24,0,5.776
2015-02-16 00:00:00,30.24,51.61,1057.55,0,587.59,0,5.8866
2015-02-17 00:00:00,31.09,52.14,263.11,0,592.6,0,5.9187
2015-02-25 00:00:00,29.47,51.86,0,-140.5,590.09,0,5.9008
2015-02-26 00:00:00,32.73,53.22,680.53,0,596.52,0,5.9722
2015-02-27 00:00:00,32.97,54.39,584.12,0,603.31,0,6.0364
2015-03-02 00:00:00,34.03,56.9,1256.49,0,613.31,0,6.1684
2015-03-03 00:00:00,30.56,56.04,0,-431.62,615.1,0,6.1113
2015-03-04 00:00:00,31.41,58.39,1175.16,0,620.81,0,6.2433
2015-03-05 00:00:00,30.13,58.1,0,-145.25,619.38,0,6.2326
2015-03-06 00:00:00,29.46,56.24,0,-926.36,1233.78,0,6.1363
2015-03-09 00:00:00,31.67,58.39,1072.81,0,621.52,0,6.2397
2015-03-10 00:00:00,31.03,59.13,369.79,0,627.6,0,6.2754
2015-03-11 00:00:00,31.18,59.04,0,-41.79,626.88,0,6.2647
2015-03-12 00:00:00,33.72,58.88,0,-81.38,625.81,0,6.2647
2015-03-13 00:00:00,34.64,60.57,844.87,0,632.25,0,6.3361
2015-03-16 00:00:00,37.92,65,2214.12,0,652.6,0,6.5466
2015-03-17 00:00:00,39.83,66.96,979.64,0,659.03,0,6.6357
2015-03-18 00:00:00,43.14,69.25,1144.45,0,673.32,0,6.7428
2015-03-19 00:00:00,42.91,70.76,756.38,0,678.68,0,6.807
2015-03-20 00:00:00,44.87,72.12,680.01,0,686.53,0,6.8676
2015-03-23 00:00:00,47.83,78.15,3015.87,0,701.89,0,7.1352
2015-03-24 00:00:00,47.87,76.66,0,-746.31,709.75,0,7.0674
2015-03-25 00:00:00,46.65,78.13,734.91,0,717.97,0,7.1281
2015-03-26 00:00:00,47.01,76.78,0,-676.33,711.89,0,7.0746
2015-03-27 00:00:00,47.82,79.46,1342.28,0,717.97,0,7.1887
2015-03-30 00:00:00,52.15,82.43,1482.91,0,729.76,0,7.3136
2015-03-31 00:00:00,50.78,81.73,0,-347.18,728.69,0,7.2886
2015-04-01 00:00:00,53.48,86.3,2283.83,0,745.48,0,7.4634
2015-04-02 00:00:00,53.52,89.52,1610.89,0,755.12,0,7.6061
2015-04-03 00:00:00,55.22,92.33,1403.36,0,768.33,0,7.7239
2015-04-07 00:00:00,58.55,97.2,2432.88,0,0,0,7.9165
2015-04-08 00:00:00,59.88,94.37,0,-1414.84,0,0,7.7952
2015-04-09 00:00:00,58.63,92.45,0,-958.72,0,-40678.03,7.7667
2015-04-10 00:00:00,61.69,95.83,1691.27,0,800.84,0,7.9986
2015-04-13 00:00:00,64.54,95.83,0,0,0,0,8.0021
2015-04-14 00:00:00,65.18,95.83,0,0,0,0,8.0021
2015-04-15 00:00:00,63.03,93.15,0,-1342.7,793.98,0,7.82
2015-04-16 00:00:00,67.98,93.67,261.24,0,0,-24212.24,7.884
2015-04-17 00:00:00,71.06,94.1,217.82,0,798.08,0,7.943
2015-04-20 00:00:00,68.3,93.01,0,-545.94,782.96,-14058.72,7.822
2015-04-21 00:00:00,71.92,94.46,725.91,0,804.49,0,8.101
2015-04-22 00:00:00,76.41,95.81,671.98,0,833.02,0,8.35
2015-04-23 00:00:00,76.45,96.09,143.57,0,840.13,0,8.403
2015-04-24 00:00:00,75.02,96.25,78.56,0,843.74,0,8.429
2015-04-27 00:00:00,78.93,96.8,272.75,0,850.65,0,8.524
2015-04-28 00:00:00,76.48,95.21,0,-792.71,824.11,0,8.275
2015-04-29 00:00:00,77.69,96.35,570.16,0,845.74,0,8.45
2015-04-30 00:00:00,76.78,96.69,168.95,0,854.55,0,8.495
2015-05-04 00:00:00,78.19,97.07,192.25,0,856.05,0,8.563
2015-05-05 00:00:00,71.08,94.81,0,-1129.91,825.41,0,8.241
2015-05-06 00:00:00,69.47,93.8,0,-507.6,0,0,8.099
2015-05-07 00:00:00,66.37,92.56,0,-620.08,795.98,0,7.931
2015-05-08 00:00:00,69.65,95.16,1298.7,0,0,0,8.28
2015-05-11 00:00:00,74.57,98.38,1610.24,0,861.96,0,8.71
2015-05-12 00:00:00,76.69,99.14,380.11,0,884.09,0,8.815
2015-05-13 00:00:00,75.61,99.77,314.51,0,886.09,0,8.908
2015-05-14 00:00:00,74.95,99.48,0,-144.09,885.29,0,8.858
2015-05-15 00:00:00,71.85,99.05,0,-215.59,886.79,0,8.811
2015-05-18 00:00:00,70.28,100.44,697.1,0,897.2,0,8.979
2015-05-19 00:00:00,76.09,102.39,975.07,0,921.03,0,9.205
2015-05-20 00:00:00,76.97,103.72,662.63,0,955.07,0,9.363
2015-05-21 00:00:00,80.17,107.57,1926.32,0,959.98,0,9.785
2015-05-22 00:00:00,84.28,108.8,615.79,0,983.11,0,9.9
2015-05-25 00:00:00,89.79,110.49,846,0,0,0,10.101
2015-05-26 00:00:00,93.49,114.27,1889.4,0,0,0,10.531
2015-05-27 00:00:00,92.84,115.36,545.2,0,0,0,10.632
2015-05-28 00:00:00,79.91,108.91,0,-3224.2,0,0,9.915
2015-05-29 00:00:00,80.17,110.22,652.5,0,0,-19975.4,10.13
2015-06-01 00:00:00,88.92,113.69,1733.4,0,0,0,10.799
2015-06-02 00:00:00,92.11,115.23,772.2,0,0,0,11.065
2015-06-03 00:00:00,91.43,114.82,0,-202.5,0,0,11
2015-06-04 00:00:00,92.84,114.94,56.7,0,0,0,11.01
2015-06-05 00:00:00,94.67,116.33,696.6,0,0,0,11.27
2015-06-08 00:00:00,99.26,115.11,0,-610.2,0,0,11.039
2015-06-09 00:00:00,97.9,115.06,0,-27.65,0,-16464.75,11.106
2015-06-10 00:00:00,97.59,115.5,222,0,0,0,11.289
2015-06-11 00:00:00,97.5,116,252,0,0,0,11.457
2015-06-12 00:00:00,98.56,116.48,240,0,0,0,11.698
2015-06-15 00:00:00,94.32,115.85,0,-319.2,0,0,11.42
2015-06-16 00:00:00,88.5,114.76,0,-542.3,0,-6592.5,10.988
2015-06-17 00:00:00,91.26,115.05,147,0,0,0,11.23
2015-06-18 00:00:00,83.5,114.59,0,-231.6,0,0,10.84
2015-06-19 00:00:00,72.58,113.75,0,-421.8,0,0,10.15
2015-06-23 00:00:00,78.13,113.78,17.28,0,990.42,0,10.138
2015-06-24 00:00:00,81.63,114,111.3,0,0,0,10.3
2015-06-25 00:00:00,75.17,113.56,0,-224.7,0,0,9.98
2015-06-26 00:00:00,61.38,112.15,0,-704.7,899,0,8.979
2015-06-29 00:00:00,56,111.26,0,-444.16,864.56,0,8.479
2015-06-30 00:00:00,66.48,112.41,576.9,0,0,0,9.099
2015-07-01 00:00:00,58.29,111,0,-705.18,876.68,0,8.39
2015-07-02 00:00:00,52.89,110.29,0,-355.97,788.97,0,8
2015-07-03 00:00:00,44.63,108.97,0,-661.92,747.72,0,7.41
2015-07-06 00:00:00,48.82,109.03,33.94,0,701.96,0,7.409
2015-07-07 00:00:00,46.19,107.52,0,-754.14,680.84,0,6.825
2015-07-08 00:00:00,36.33,105.6,0,-961.96,615.56,0,6.148
2015-07-09 00:00:00,45.06,107.45,922.5,0,0,0,6.763
2015-07-10 00:00:00,52.84,109.47,1014,0,0,0,7.439
2015-07-13 00:00:00,56.75,111.7,1110.59,0,818.71,0,8.183
2015-07-14 00:00:00,53.05,110.66,0,-519.98,1611.98,0,7.89
2015-07-15 00:00:00,47.63,108.11,0,-1272,1471.2,0,7.238
2015-07-16 00:00:00,48.77,109.65,771.17,0,758.83,0,7.585
2015-07-17 00:00:00,54.51,111.68,1012.6,0,812.8,0,8.078
2015-07-20 00:00:00,54.85,111.81,63.89,0,823.91,0,8.106
2015-07-21 00:00:00,55.05,112.4,299.19,0,824.01,0,8.244
2015-07-22 00:00:00,54.72,112.93,264.18,0,832.92,0,8.353
2015-07-23 00:00:00,58.21,114.4,732.04,0,863.06,0,8.65
2015-07-24 00:00:00,55.43,113.41,0,-491.46,865.56,0,8.48
2015-07-27 00:00:00,42.12,109.32,0,-2049.5,814,0,7.732
2015-07-28 00:00:00,41.84,109.16,0,-78.4,0,0,7.701
2015-07-29 00:00:00,46.28,111.66,1251.6,0,0,0,8.119
2015-07-30 00:00:00,42,110.02,0,-823.2,0,0,7.853
2015-07-31 00:00:00,42.05,109.52,0,-245.95,776.95,0,7.767
2015-08-03 00:00:00,42.52,108.02,0,-753.31,742.11,0,7.52
2015-08-04 00:00:00,46.94,111.34,1661.33,0,792.47,0,8.057
2015-08-05 00:00:00,43.92,110.26,0,-542.09,808.49,0,7.89
2015-08-06 00:00:00,42.61,109.92,0,-165.57,787.97,0,7.84
2015-08-07 00:00:00,45.41,111.65,862.11,0,804.49,0,8.112
2015-08-10 00:00:00,52.01,114.72,1536.75,0,854.05,0,8.559
2015-08-11 00:00:00,51.35,114.49,0,-116.66,859.26,0,8.513
2015-08-12 00:00:00,49.47,113.44,0,-526.08,1689.28,0,8.383
2015-08-13 00:00:00,51.68,115.01,786.35,0,850.65,0,8.6
2015-08-14 00:00:00,51.61,115.62,307.33,0,874.87,0,8.677
2015-08-17 00:00:00,51.77,117.59,984.91,0,886.09,0,8.92
2015-08-18 00:00:00,42.37,111.31,0,-3140.32,831.12,0,8.092
2015-08-19 00:00:00,44.63,113.62,1155,0,0,0,8.433
2015-08-20 00:00:00,39.99,110.81,0,-1408.22,827.62,0,8.1
2015-08-21 00:00:00,33.59,107.27,0,-1769.47,788.47,0,7.695
2015-08-24 00:00:00,21.91,100.48,0,-3393.85,693.65,0,6.928
2015-08-25 00:00:00,13.25,94.23,0,-3124.27,624.27,0,6.235
2015-08-26 00:00:00,12.61,94.24,4.6,0,0,0,6.238
2015-08-27 00:00:00,19.31,96.67,1214.4,0,0,0,6.499
2015-08-28 00:00:00,24.39,100.27,1798.86,0,683.84,0,6.869
2015-08-31 00:00:00,25.3,97.68,0,-1292.44,1337.64,0,6.64
2015-09-01 00:00:00,25.13,93.2,0,-2242.27,624.37,0,6.169
2015-09-02 00:00:00,25.27,91.62,0,-789.65,610.75,0,6.022
2015-09-07 00:00:00,20.98,93.12,749.7,0,0,0,6.16
2015-09-08 00:00:00,24.09,96.56,1723.41,0,639.79,0,6.49
2015-09-09 00:00:00,26.51,98.52,977.79,0,657.81,0,6.676
2015-09-10 00:00:00,24.96,96.63,0,-946.72,1321.62,0,6.511
2015-09-11 00:00:00,24.58,97.16,269.09,0,656.81,0,6.559
2015-09-14 00:00:00,22.12,90.89,0,-3138.53,591.73,0,6
2015-09-15 00:00:00,17.32,87.48,0,-1703.91,576.11,0,5.714
2015-09-16 00:00:00,23.16,93.16,2842,0,0,0,6.195
2015-09-17 00:00:00,20.47,91.4,0,-881.97,628.77,0,6.039
2015-09-18 00:00:00,21.01,92.36,477.9,0,0,0,6.12
2015-09-21 00:00:00,23.13,95.53,1584.73,0,630.77,0,6.39
2015-09-22 00:00:00,24.27,95.17,0,-176.99,646.59,0,6.35
2015-09-23 00:00:00,21.44,94,0,-584.18,632.98,0,6.271
2015-09-24 00:00:00,22.26,95.08,538.02,0,632.28,0,6.359
2015-09-25 00:00:00,20.29,92.04,0,-1517.46,618.76,0,6.14
2015-09-28 00:00:00,20.69,94.23,1094.4,0,0,0,6.292
2015-09-29 00:00:00,18.31,93.39,0,-422.4,0,0,6.224
2015-09-30 00:00:00,19.21,93.47,38.4,0,0,0,6.233
2015-10-08 00:00:00,22.69,96.76,1649.41,0,645.69,0,6.484
2015-10-09 00:00:00,24.31,97.74,488.89,0,656.61,0,6.564
2015-10-12 00:00:00,28.32,101.47,1863.86,0,683.74,0,6.849
2015-10-13 00:00:00,28.22,102.29,411.65,0,689.75,0,6.908
2015-10-14 00:00:00,26.77,101.49,0,-400.24,686.04,0,6.85
2015-10-15 00:00:00,29.77,105.01,1759.33,0,705.87,0,7.107
2015-10-16 00:00:00,31.53,106.02,502.92,0,713.98,0,7.18
2015-10-19 00:00:00,31.53,106.6,293.12,0,714.98,0,7.221
2015-10-20 00:00:00,33.15,107.63,511.31,0,723.99,0,7.289
2015-10-21 00:00:00,29.27,101.4,0,-3114.05,2081.55,0,6.869
2015-10-22 00:00:00,31.18,105.08,1839.2,0,0,0,7.111
2015-10-23 00:00:00,32.91,107.96,1442.51,0,726.49,0,7.287
2015-10-26 00:00:00,33.58,107.9,0,-31.49,725.29,0,7.29
2015-10-27 00:00:00,33.72,108.91,505.2,0,732.9,0,7.363
2015-10-28 00:00:00,31.19,105.62,0,-1644.28,1445.98,0,7.151
2015-10-29 00:00:00,31.5,106.89,637.5,0,729.1,0,7.24
2015-10-30 00:00:00,31.53,106.77,0,-62.3,731.1,0,7.233
2015-11-02 00:00:00,29.37,104.33,0,-1221.28,712.88,0,7.081
2015-11-03 00:00:00,28.98,103.76,0,-285.6,0,0,7.049
2015-11-04 00:00:00,35.05,111.52,3882.19,0,744.81,0,7.508
2015-11-05 00:00:00,37.93,111.14,0,-190.92,747.92,0,7.489
2015-11-06 00:00:00,41.18,114.28,1568.76,0,767.34,0,7.673
2015-11-09 00:00:00,42.93,115.82,773.44,0,780.86,0,7.759
2015-11-10 00:00:00,42.66,115.9,37.34,0,778.46,0,7.77
2015-11-11 00:00:00,42.68,118.63,1367.13,0,790.67,0,7.919
2015-11-12 00:00:00,41.25,119.05,210.42,0,795.18,0,7.903
2015-11-13 00:00:00,39.43,116.03,0,-1509.04,1572.34,0,7.772
2015-11-16 00:00:00,40.09,119.68,1823.13,0,792.57,0,7.962
2015-11-17 00:00:00,39.88,117.2,0,-1241.74,1579.54,0,7.87
2015-11-18 00:00:00,38.29,114.89,0,-1152,0,0,7.746
2015-11-19 00:00:00,40.5,119.7,2402.03,0,790.87,0,7.97
2015-11-20 00:00:00,40.47,121.03,665.21,0,803.89,0,8.048
2015-11-23 00:00:00,39.69,119.28,0,-874.09,802.69,0,7.96
2015-11-24 00:00:00,39.71,121.17,942.52,0,798.48,0,8.045
2015-11-25 00:00:00,40.74,123.4,1117.7,0,814,0,8.163
2015-11-26 00:00:00,39.92,121.87,0,-765.5,812.2,0,8.097
2015-11-27 00:00:00,32.38,111.87,0,-4999.6,3101,0,7.575
2015-11-30 00:00:00,32.73,111.72,0,-74.2,0,0,7.596
2015-12-01 00:00:00,33.68,112.78,530,0,0,0,7.645
2015-12-02 00:00:00,38.52,112.85,31.8,0,0,0,7.65
2015-12-03 00:00:00,39.54,115.62,1386.85,0,775.25,0,7.777
2015-12-04 00:00:00,36.87,113.45,0,-1084.3,1541.3,0,7.681
2015-12-07 00:00:00,37.24,116.26,1404.04,0,778.46,0,7.805
2015-12-08 00:00:00,34.84,112.11,0,-2074.28,1526.48,0,7.625
2015-12-09 00:00:00,35.32,110.76,0,-676.13,755.73,0,7.573
2015-12-10 00:00:00,34.84,110.15,0,-305.1,0,0,7.537
2015-12-11 00:00:00,34.28,109.02,0,-565,0,0,7.498
2015-12-14 00:00:00,38.13,112.76,1872.46,0,763.84,0,7.66
2015-12-15 00:00:00,37.5,113.27,251.75,0,773.25,0,7.677
2015-12-16 00:00:00,37.16,114.68,704.75,0,777.25,0,7.739
2015-12-17 00:00:00,39.79,119.87,2596.73,0,793.07,0,7.962
2015-12-18 00:00:00,40.23,118.64,0,-616.18,793.98,0,7.91
2015-12-21 00:00:00,43.88,121.25,1306.42,0,800.68,0,8.01
2015-12-22 00:00:00,44.28,122.93,841.81,0,807.49,0,8.088
2015-12-23 00:00:00,43.9,120.36,0,-1287.29,809.09,0,7.992
2015-12-24 00:00:00,42.52,120.41,24.2,0,0,0,7.99
2015-12-25 00:00:00,42.85,121.25,423.5,0,0,0,8.012
2015-12-28 00:00:00,38.73,116.56,0,-2349.07,791.97,0,7.831
2015-12-29 00:00:00,40.01,118.58,1012.6,0,0,0,7.91
2015-12-30 00:00:00,40.13,120.06,738.92,0,797.88,0,7.98
2015-12-31 00:00:00,38.86,116.66,0,-1697.4,0,0,7.836
2016-01-04 00:00:00,29.11,100.77,0,-7947.6,7188.8,0,7.18
2016-01-05 00:00:00,29.47,98.96,0,-902.28,2102.88,0,7.113
2016-01-06 00:00:00,31.74,103.04,2040,0,0,0,7.267
2016-01-07 00:00:00,22.61,85.34,0,-8851.96,1993.56,0,6.637
2016-01-08 00:00:00,25.11,88.98,1820.9,0,0,0,6.751
2016-01-11 00:00:00,18.82,76.92,0,-6032.6,0,0,6.32
2016-01-12 00:00:00,19.68,76.64,0,-139,0,0,6.309
2016-01-13 00:00:00,17.46,71.15,0,-2742.77,624.67,0,6.123
2016-01-14 00:00:00,19.9,76.89,2870,0,0,0,6.308
2016-01-15 00:00:00,16.07,70.09,0,-3402,0,0,6.091
2016-01-18 00:00:00,16.52,72.53,1218,0,0,0,6.161
2016-01-19 00:00:00,19.96,78.04,2758,0,0,0,6.366
2016-01-20 00:00:00,18.14,76.59,0,-728,0,0,6.305
2016-01-21 00:00:00,14.68,70.51,0,-3038,0,0,6.09
2016-01-22 00:00:00,15.88,72.75,1120,0,0,0,6.161
2016-01-25 00:00:00,16.45,74.04,644,0,0,0,6.216
2016-01-26 00:00:00,9.44,63.31,0,-5362,0,0,5.83
2016-01-27 00:00:00,9.06,59.31,0,-2002,0,0,5.694
2016-01-28 00:00:00,6.21,52.65,0,-3332,0,0,5.452
2016-01-29 00:00:00,9.65,57.99,2674,0,0,0,5.645
2016-02-01 00:00:00,7.97,56.23,0,-882,0,0,5.576
2016-02-02 00:00:00,10.21,61.75,2758,0,0,0,5.774
2016-02-03 00:00:00,9.74,62.59,420,0,0,0,5.807
2016-02-04 00:00:00,11.09,65.3,1358,0,0,0,5.904
2016-02-05 00:00:00,10.31,64.15,0,-574,0,0,5.869
2016-02-15 00:00:00,9.67,64.41,126,0,0,0,5.872
2016-02-16 00:00:00,13.03,71.18,3388,0,0,0,6.113
2016-02-17 00:00:00,14.01,72.86,840,0,0,0,6.173
2016-02-18 00:00:00,13.65,72.02,0,-420,0,0,6.142
2016-02-19 00:00:00,13.57,72.69,336,0,0,0,6.179
2016-02-22 00:00:00,16.08,76.5,1904,0,0,0,6.304
2016-02-23 00:00:00,14.98,75.63,0,-434,0,0,6.273
2016-02-24 00:00:00,15.73,76.47,420,0,0,0,6.3
2016-02-25 00:00:00,8.63,62.08,0,-7196,0,0,5.791
2016-02-26 00:00:00,9.72,63.54,728,0,0,0,5.844
2016-02-29 00:00:00,7.09,53.43,0,-5054,0,0,5.484
2016-03-01 00:00:00,9.07,57.97,2268,0,0,0,5.644
2016-03-02 00:00:00,13.56,66.59,4312,0,0,0,5.949
2016-03-03 00:00:00,13.83,66.45,0,-70,0,0,5.95
2016-03-04 00:00:00,15.15,61.52,0,-2464,0,0,5.773
2016-03-07 00:00:00,15.56,66.09,2282,0,0,0,5.939
2016-03-08 00:00:00,15.66,67.09,504,0,0,0,5.967
2016-03-09 00:00:00,14.33,62.45,0,-2324,0,0,5.805
2016-03-10 00:00:00,12.14,59.53,0,-1456,0,0,5.699
2016-03-11 00:00:00,12.33,59.51,0,-14,0,0,5.695
2016-03-14 00:00:00,14.1,65.58,3038,0,0,0,5.914
2016-03-15 00:00:00,14.44,63.34,0,-1120,0,0,5.834
2016-03-16 00:00:00,15,61.55,0,-896,0,0,5.77
2016-03-17 00:00:00,16.28,66.84,2646,0,0,0,5.96
2016-03-18 00:00:00,18.05,73.48,3318,0,0,0,6.196
2016-03-21 00:00:00,20.94,77.03,1778,0,0,0,6.32
2016-03-22 00:00:00,20.06,76.19,0,-420,0,0,6.293
2016-03-23 00:00:00,20.44,77.87,840,0,0,0,6.356
2016-03-24 00:00:00,18.42,74.32,0,-1778,0,0,6.225
2016-03-25 00:00:00,19.02,76.53,1106,0,0,0,6.309
2016-03-28 00:00:00,17.97,75.05,0,-742,0,0,6.264
2016-03-29 00:00:00,16.69,72.02,0,-1512,0,0,6.144
2016-03-30 00:00:00,19.7,80.28,4130,0,0,0,6.399
2016-03-31 00:00:00,19.77,78.85,0,-714,0,0,6.39
2016-04-01 00:00:00,19.91,78.27,0,-294,0,0,6.362
2016-04-05 00:00:00,21.5,82.38,2058,0,0,0,6.514
2016-04-06 00:00:00,21.24,83.5,560,0,0,0,6.553
2016-04-07 00:00:00,19.44,81.26,0,-1120,0,0,6.473
2016-04-08 00:00:00,18.57,79.61,0,-826,0,0,6.414
2016-04-11 00:00:00,20.22,82.83,1610,0,0,0,6.531
2016-04-12 00:00:00,19.78,81.96,0,-434,0,0,6.497
2016-04-13 00:00:00,21.38,84.85,1442,0,0,0,6.606
2016-04-14 00:00:00,21.92,86.08,616,0,0,0,6.653
2016-04-15 00:00:00,21.78,85.83,0,-126,0,0,6.634
2016-04-18 00:00:00,20.16,82.63,0,-1596,0,0,6.524
2016-04-19 00:00:00,20.52,82.97,168,0,0,0,6.542
2016-04-20 00:00:00,18.39,74.91,0,-4032,0,0,6.251
2016-04-21 00:00:00,17.63,73.51,0,-700,0,0,6.199
2016-04-22 00:00:00,18.16,74.54,518,0,0,0,6.238
2016-04-25 00:00:00,17.68,73.67,0,-434,0,0,6.2
2016-04-26 00:00:00,18.32,75.94,1134,0,0,0,6.282
2016-04-27 00:00:00,17.83,75.05,0,-448,0,0,6.249
2016-04-28 00:00:00,17.63,73.62,0,-714,0,0,6.216
2016-04-29 00:00:00,17.49,73.87,126,0,0,0,6.207
2016-05-03 00:00:00,19.6,79.44,2786,0,0,0,6.408
2016-05-04 00:00:00,19.45,79.44,0,0,0,0,6.409
2016-05-05 00:00:00,19.62,80.7,630,0,0,0,6.451
2016-05-06 00:00:00,16.51,73.59,0,-3556,0,0,6.199
2016-05-09 00:00:00,14.1,67.26,0,-3164,0,0,5.974
2016-05-10 00:00:00,14.23,66.73,0,-266,0,0,5.96
2016-05-11 00:00:00,14.74,66.42,0,-154,0,0,5.951
2016-05-12 00:00:00,15.01,66.48,28,0,0,0,5.939
2016-05-13 00:00:00,14.44,65.92,0,-280,0,0,5.928
2016-05-16 00:00:00,15.2,68.91,1498,0,0,0,6.04
2016-05-17 00:00:00,14.86,68.66,0,-126,0,0,6.02
2016-05-18 00:00:00,14.19,64.01,0,-2324,0,0,5.862
2016-05-19 00:00:00,13.98,64.83,406,0,0,0,5.889
2016-05-20 00:00:00,14.56,67.04,1106,0,0,0,5.969
2016-05-23 00:00:00,14.9,68.86,910,0,0,0,6.032
2016-05-24 00:00:00,14.02,67.29,0,-784,0,0,5.977
2016-05-25 00:00:00,13.86,66.28,0,-504,0,0,5.94
2016-05-26 00:00:00,14.04,67.09,406,0,0,0,5.966
2016-05-27 00:00:00,13.98,67.23,70,0,0,0,5.97
2016-05-30 00:00:00,14.14,66.48,0,-378,0,0,5.947
2016-05-31 00:00:00,17.96,73.81,3668,0,0,0,6.21
2016-06-01 00:00:00,17.63,73.87,28,0,0,0,6.212
2016-06-02 00:00:00,17.87,75.3,714,0,0,0,6.261
2016-06-03 00:00:00,18.7,76.36,532,0,0,0,6.3
2016-06-06 00:00:00,18.31,76.78,210,0,0,0,6.313
2016-06-07 00:00:00,18.24,76.61,0,-84,0,0,6.3
2016-06-08 00:00:00,17.76,76.11,0,-252,0,0,6.29
2016-06-13 00:00:00,14.12,67.63,0,-4242,0,0,5.98
2016-06-14 00:00:00,14.48,68.38,378,0,0,0,6.019
2016-06-15 00:00:00,15.98,73.79,2702,0,0,0,6.211
2016-06-16 00:00:00,15.18,73.11,0,-336,0,0,6.178
2016-06-17 00:00:00,15.76,74.46,672,0,0,0,6.231
2016-06-20 00:00:00,15.85,74.68,112,0,0,0,6.24
2016-06-21 00:00:00,15.61,72.61,0,-1036,0,0,6.16
2016-06-22 00:00:00,16.64,75.89,1638,0,0,0,6.28
2016-06-23 00:00:00,16.02,74.91,0,-490,0,0,6.258
2016-06-24 00:00:00,14.53,72.36,0,-1274,0,0,6.162
2016-06-27 00:00:00,16.14,77.31,2478,0,0,0,6.325
2016-06-28 00:00:00,16.73,78.97,826,0,0,0,6.393
2016-06-29 00:00:00,17.29,78.99,14,0,0,0,6.399
2016-06-30 00:00:00,17.38,79.11,56,0,0,0,6.398
2016-07-01 00:00:00,17.39,78.85,0,-126,0,0,6.388
2016-07-04 00:00:00,19.27,82.41,1778,0,0,0,6.517
2016-07-05 00:00:00,19.37,83.33,462,0,0,0,6.55
2016-07-06 00:00:00,19.72,84.43,546,0,0,0,6.587
2016-07-07 00:00:00,19.47,85.15,364,0,0,0,6.612
2016-07-08 00:00:00,18.81,84.43,0,-364,0,0,6.594
2016-07-11 00:00:00,19.22,84.9,238,0,0,0,6.601
2016-07-12 00:00:00,21.82,87.23,1162,0,0,0,6.692
2016-07-13 00:00:00,22.18,88.54,658,0,0,0,6.735
2016-07-14 00:00:00,21.95,89.19,322,0,0,0,6.755
2016-07-15 00:00:00,21.94,88.74,0,-224,0,0,6.74
2016-07-18 00:00:00,21.41,87.98,0,-378,0,0,6.719
2016-07-19 00:00:00,20.89,87.93,0,-28,0,0,6.715
2016-07-20 00:00:00,20.5,87.62,0,-154,0,0,6.701
2016-07-21 00:00:00,21.05,88.51,448,0,0,0,6.733
2016-07-22 00:00:00,20.03,87.31,0,-602,0,0,6.69
2016-07-25 00:00:00,20.25,87.59,140,0,0,0,6.699
2016-07-26 00:00:00,21.69,90.25,1330,0,0,0,6.795
2016-07-27 00:00:00,19.78,81.85,0,-4200,0,0,6.495
2016-07-28 00:00:00,19.88,82.72,434,0,0,0,6.525
2016-07-29 00:00:00,19.24,81.43,0,-644,0,0,6.483
2016-08-01 00:00:00,18.23,78.71,0,-1358,0,0,6.384
2016-08-02 00:00:00,18.69,80.45,868,0,0,0,6.447
2016-08-03 00:00:00,18.86,81.07,308,0,0,0,6.47
2016-08-04 00:00:00,19.15,82.16,546,0,0,0,6.504
2016-08-05 00:00:00,19.29,81.57,0,-294,0,0,6.483
2016-08-08 00:00:00,20.37,84.09,1260,0,0,0,6.574
2016-08-09 00:00:00,21.22,85.94,924,0,0,0,6.637
2016-08-10 00:00:00,20.71,85.01,0,-462,0,0,6.6
2016-08-11 00:00:00,20.34,81.96,0,-1526,0,0,6.498
2016-08-12 00:00:00,22.6,84.54,1288,0,0,0,6.589
2016-08-15 00:00:00,26.3,88.37,1918,0,0,0,6.728
2016-08-16 00:00:00,25.73,89.24,434,0,0,0,6.756
2016-08-17 00:00:00,25.54,89.69,224,0,0,0,6.775
2016-08-18 00:00:00,25.22,89.75,28,0,0,0,6.77
2016-08-19 00:00:00,25.24,89.77,14,0,0,0,6.783
2016-08-22 00:00:00,24.19,87.67,0,-1050,0,0,6.705
2016-08-23 00:00:00,24.38,88.12,224,0,0,0,6.715
2016-08-24 00:00:00,23.93,88.23,56,0,0,0,6.724
2016-08-25 00:00:00,23.15,86.97,0,-630,0,0,6.679
2016-08-26 00:00:00,23.08,87.9,462,0,0,0,6.709
2016-08-29 00:00:00,23.11,88.23,168,0,0,0,6.724
2016-08-30 00:00:00,23.27,88.12,0,-56,0,0,6.714
2016-08-31 00:00:00,23.85,88.43,154,0,0,0,6.729
2016-09-01 00:00:00,22.88,86.67,0,-882,0,0,6.664
2016-09-02 00:00:00,23.34,85.77,0,-448,0,0,6.638
2016-09-05 00:00:00,23.55,87.09,658,0,0,0,6.683
2016-09-06 00:00:00,24.41,90.45,1680,0,0,0,6.802
2016-09-07 00:00:00,24.34,90,0,-224,0,0,6.788
2016-09-08 00:00:00,24.29,91.06,532,0,0,0,6.823
2016-09-09 00:00:00,23.49,89.21,0,-924,0,0,6.758
2016-09-12 00:00:00,21.43,84.03,0,-2590,0,0,6.575
