,code,name,type,report_date,pre_eps,range
0,002496,辉丰股份,预降,2016-04-30,0.15,-10%~0%
1,002069,*ST獐岛,减亏,2016-04-30,-0.01,0
2,002567,唐人神,预增,2016-04-29,0.037,50%~70%
3,000835,长城动漫,预亏,2016-04-29,-0.0115,0
4,002335,科华恒盛,预增,2016-04-29,0.05,100%~150%
5,300512,中亚股份,预升,2016-04-29,0.29,0
6,002798,帝王洁具,减亏,2016-04-28,0.0,0
7,600366,宁波韵升,预增,2016-04-27,0.1944,510%~560%
8,603339,四方冷链,预降,2016-04-27,0.19,-20%~0%
9,300433,蓝思科技,预减,2016-04-26,0.67,-60%~-55%
10,002390,信邦制药,预升,2016-04-26,0.07,10%~40%
11,002259,升达林业,预亏,2016-04-26,-0.01,0
12,002070,众和股份,预盈,2016-04-26,-0.0275,0
13,002098,浔兴股份,预增,2016-04-26,0.007,400.64%~446.15%
14,002711,欧浦智网,预增,2016-04-26,0.18,50%~80%
15,002211,宏达新材,预亏,2016-04-26,0.0029,0
16,600892,大晟文化,预盈,2016-04-26,-0.0066,0
17,002511,中顺洁柔,预增,2016-04-26,0.0548,90%~120%
18,002263,大东南,预亏,2016-04-26,-0.01,0
19,002493,荣盛石化,预增,2016-04-26,0.01,741.04%~1043.82%
20,600487,亨通光电,预增,2016-04-26,0.1212,100%~130%
21,603959,百利科技,减亏,2016-04-26,0.0,43.43%~52.85%
22,002175,东方网络,预增,2016-04-25,0.0038,420%~530%
23,002299,圣农发展,预盈,2016-04-25,-0.214,0
24,002713,东易日盛,预亏,2016-04-25,-0.53,0
25,002786,银宝山新,预增,2016-04-25,0.12,129.43%~177.61%
26,002797,第一创业,预减,2016-04-25,0.11,-77%~-45%
27,002796,世嘉科技,预降,2016-04-25,0.11,-30%~0%
28,601168,西部矿业,预亏,2016-04-23,-0.02,0
29,600360,华微电子,预升,2016-04-23,0.01,12.44
30,002524,光正集团,预亏,2016-04-23,0.03,0
31,600226,升华拜克,预增,2016-04-23,0.1,60%~100%
32,600397,安源煤业,预亏,2016-04-22,0.0009,0
33,600410,华胜天成,预减,2016-04-22,0.0494,-80
34,600755,厦门国贸,预增,2016-04-22,0.08,180%~200%
35,002519,银河电子,预升,2016-04-22,0.17,20%~50%
36,002420,毅昌股份,预亏,2016-04-22,0.015,0
37,002565,上海绿新,预增,2016-04-22,0.01,230%~270%
38,002309,中利科技,预盈,2016-04-22,-0.09,0
39,002610,爱康科技,预增,2016-04-22,0.03,10.07%~55.93%
40,002782,可立克,预增,2016-04-22,0.08,58.83%~88.61%
41,002446,盛路通信,预增,2016-04-22,0.13,125.15%~172.06%
42,002787,华源包装,预增,2016-04-21,0.15,50%~100%
43,002182,云海金属,预增,2016-04-21,0.0128,413.65%~462.31%
44,002702,海欣食品,预盈,2016-04-21,-0.0264,0
45,002693,双成药业,预亏,2016-04-21,0.01,0
46,601628,中国人寿,预减,2016-04-21,0.43,-60%~-55%
47,600123,兰花科创,预亏,2016-04-21,0.0075,0
48,600176,中国巨石,预增,2016-04-21,0.2128,85%~95%
49,002059,云南旅游,预亏,2016-04-21,-0.008,0
50,002607,亚夏汽车,预盈,2016-04-21,-0.04,0
51,002167,东方锆业,减亏,2016-04-21,-0.06,0
52,002734,利民股份,预增,2016-04-21,0.15,80%~115%
53,002589,瑞康医药,预增,2016-04-20,0.215,50%~80%
54,600348,阳泉煤业,预减,2016-04-20,0.03,-90%~-75%
55,600460,士兰微,0,2016-04-20,0.02,-80%
56,600026,中海发展,预增,2016-04-20,0.018,0
57,603726,朗迪集团,预降,2016-04-20,0.16,-15%~-5%
58,000669,金鸿能源,预升,2016-04-20,0.1541,10%~20%
59,000544,中原环保,预减,2016-04-19,0.08,0
60,603011,合锻智能,预增,2016-04-19,0.03,70%~100%
61,600628,新世界,预减,2016-04-19,0.08,-70%~-65%
62,600177,雅戈尔,预增,2016-04-19,0.6235,60%~80%
63,600346,*ST橡塑,预盈,2016-04-19,-0.11,0
64,002181,粤传媒,预亏,2016-04-19,0.0056,0
65,002782,可立克,预增,2016-04-19,0.08,58.83%~88.61%
66,002100,天康生物,预增,2016-04-19,0.12,70%~100%
67,601238,广汽集团,预增,2016-04-19,0.08,240%~270%
68,600189,吉林森工,预盈,2016-04-19,-0.15,0
69,600050,中国联通,预减,2016-04-19,0.0495,-86
70,600330,天通股份,预增,2016-04-19,0.018,320
71,600105,永鼎股份,预增,2016-04-19,0.045,0
72,000890,法尔胜,预升,2016-04-19,0.0047,-50%~50%
73,002127,南极电商,预增,2016-04-18,0.01,259.51%~307.45%
74,002418,康盛股份,预增,2016-04-18,0.01,66.92%~91.96%
75,300510,金冠电气,预盈,2016-04-18,0.08,0
76,000789,万年青,预减,2016-04-16,0.1413,-95%~-85%
77,000010,美丽生态,预亏,2016-04-16,-0.0037,0
78,600640,号百控股,预减,2016-04-16,0.022,-51
79,600794,保税科技,预减,2016-04-16,0.021,-70
80,000821,京山轻机,预减,2016-04-16,0.07,-99.58%~-95.82%
81,601003,柳钢股份,预盈,2016-04-16,-0.1354,0
82,600375,*ST星马,减亏,2016-04-16,-0.17,0
83,600178,东安动力,预盈,2016-04-16,-0.0295,0
84,600161,天坛生物,预亏,2016-04-16,0.02,0
85,002746,仙坛股份,预增,2016-04-16,0.02,698.75%~739.72%
86,002106,莱宝高科,预盈,2016-04-16,-0.0701,0
87,000693,ST华泽,预亏,2016-04-16,-0.0132,0
88,000426,兴业矿业,预亏,2016-04-15,0.0131,-166.06%~-126.42%
89,000820,金城股份,预亏,2016-04-15,-0.003,0
90,000567,海德股份,预增,2016-04-15,0.0035,239.43%~352.57%
91,000800,一汽轿车,预亏,2016-04-15,0.0846,-424%~-394%
92,000913,*ST钱江,预增,2016-04-15,0.01,570%~618%
93,000925,众合科技,预亏,2016-04-15,0.003,0
94,000881,大连国际,预减,2016-04-15,0.05,-99.64%~-96.41%
95,000585,东北电气,预亏,2016-04-15,-0.003,0
96,000811,烟台冰轮,预减,2016-04-15,0.09,-100%~-80%
97,000949,新乡化纤,预降,2016-04-15,0.0196,-60%~-45%
98,000096,广聚能源,预减,2016-04-15,0.2626,-94
99,002658,雪迪龙,预减,2016-04-15,0.05,-70%~-50%
100,000608,阳光股份,减亏,2016-04-15,-0.07,4%~43%
101,000622,*ST恒立,减亏,2016-04-15,-0.015,0
102,000972,中基健康,预亏,2016-04-15,-0.0114,0
103,000534,万泽股份,预亏,2016-04-15,0.0289,0
104,000539,粤电力A,预减,2016-04-15,0.17,-90%~-82%
105,000628,高新发展,预盈,2016-04-15,-0.048,0
106,000863,三湘股份,预盈,2016-04-15,-0.07,713.22
107,000617,*ST济柴,预亏,2016-04-15,0.01,0
108,000831,*ST五稀,预亏,2016-04-15,0.003,0
109,002141,蓉胜超微,预盈,2016-04-15,-0.0169,0
110,000425,徐工机械,预盈,2016-04-15,-0.17,0
111,000753,漳州发展,预增,2016-04-15,0.006,0
112,000627,天茂集团,预盈,2016-04-15,-0.015,0
113,000657,中钨高新,减亏,2016-04-15,-0.1309,0
114,000662,天夏智慧,预亏,2016-04-15,-0.0011,0
115,600259,广晟有色,预亏,2016-04-15,0.01,0
116,000978,桂林旅游,减亏,2016-04-15,-0.038,0
117,000607,华媒控股,预亏,2016-04-15,0.0002,-6772.02%~-5521.02%
118,000859,国风塑业,预亏,2016-04-15,-0.015,0
119,000677,恒天海龙,预盈,2016-04-15,-0.1038,0
120,002676,顺威股份,预降,2016-04-15,0.04,-35%~-10%
121,000420,吉林化纤,预盈,2016-04-15,-0.0551,103%~113%
122,000825,太钢不锈,预亏,2016-04-15,0.003,0
123,000573,粤宏远A,预盈,2016-04-15,-0.0232,0
124,000612,焦作万方,预亏,2016-04-15,0.023,-227.42%~-191.01%
125,000428,华天酒店,预亏,2016-04-15,-0.07,0
126,000731,四川美丰,预亏,2016-04-15,0.0296,0
127,000953,河池化工,预盈,2016-04-15,-0.0586,0
128,000687,华讯方舟,预盈,2016-04-15,-0.068,0
129,000066,长城电脑,减亏,2016-04-15,-0.0654,0
130,000760,斯太尔,预亏,2016-04-15,-0.04,0
131,600917,重庆燃气,预升,2016-04-15,0.05,13.14
132,000518,四环生物,预亏,2016-04-15,0.0098,0
133,000901,航天科技,预盈,2016-04-15,-0.01,0
134,002056,横店东磁,预升,2016-04-15,0.17,30%~50%
135,000898,鞍钢股份,预亏,2016-04-15,0.003,0
136,000960,锡业股份,减亏,2016-04-15,-0.2668,90.91%~93.94%
137,000679,大连友谊,预减,2016-04-15,0.35,-87%~-84%
138,000678,襄阳轴承,预亏,2016-04-15,-0.009,0
139,000766,通化金马,预增,2016-04-15,0.0312,174.97%~207.38%
140,600310,桂东电力,预盈,2016-04-15,-0.1832,0
141,000070,特发信息,预增,2016-04-15,0.0497,145%~175%
142,601933,永辉超市,预升,2016-04-15,0.11,29.75
143,000597,东北制药,减亏,2016-04-15,-0.07,0
144,000401,冀东水泥,预亏,2016-04-15,-0.445,0
145,000725,京东方A,预减,2016-04-15,0.028,0
146,000977,浪潮信息,预增,2016-04-15,0.1439,60%~90%
147,000663,永安林业,预亏,2016-04-15,-0.004,0
148,000615,京汉股份,预减,2016-04-15,0.47,-97.22%~-96.76%
149,000560,昆百大A,预增,2016-04-15,0.0145,527.23%~648.62%
150,000809,铁岭新城,预亏,2016-04-15,-0.013,0
151,000008,神州高铁,预减,2016-04-15,0.0766,-83.65%~-80.37%
152,000587,金洲慈航,预增,2016-04-15,0.06,339%~367%
153,000806,银河生物,预亏,2016-04-15,0.0382,-153.83%~-137.52%
154,000526,紫光学大,预亏,2016-04-15,0.0175,-141.54%~-129.67%
155,000933,*ST神火,预盈,2016-04-15,-0.05,0
156,000993,闽东电力,预盈,2016-04-15,-0.0383,0
157,000019,深深宝A,减亏,2016-04-15,-0.0316,0
158,000830,鲁西化工,预减,2016-04-15,0.07,-90%~-80%
159,000416,民生控股,预亏,2016-04-15,0.0226,0
160,000636,风华高科,预增,2016-04-15,0.01,537.05
161,000736,中房地产,预亏,2016-04-15,0.014,-236.92
162,000748,长城信息,预盈,2016-04-15,-0.0062,0
163,000968,*ST煤气,预亏,2016-04-15,-0.4249,0
164,000007,全新好,预盈,2016-04-15,-0.0211,0
165,000982,中银绒业,预亏,2016-04-15,0.002,0
166,600288,大恒科技,预亏,2016-04-15,-0.0103,0
167,000606,*ST易桥,减亏,2016-04-15,-0.0423,0
168,000519,江南红箭,预减,2016-04-15,0.07,-83.1%~-79.35%
169,000980,金马股份,预升,2016-04-15,0.04,23%~47%
170,000507,珠海港,预盈,2016-04-15,-0.0244,205.04%~254.97%
171,002179,中航光电,预增,2016-04-15,0.1802,70%~100%
172,000976,春晖股份,预盈,2016-04-15,-0.0248,0
173,000004,国农科技,预亏,2016-04-15,-0.0221,-88.81%~19.08%
174,000546,金圆股份,减亏,2016-04-15,-0.0588,0
175,000833,贵糖股份,预亏,2016-04-15,0.0112,-154.46%~-113.62%
176,002420,毅昌股份,预亏,2016-04-15,0.015,0
177,000561,烽火电子,减亏,2016-04-15,-0.03,0
178,000576,广东甘化,预亏,2016-04-15,-0.0297,0
179,000557,西部创业,预亏,2016-04-15,0.0002,0
180,000897,津滨发展,减亏,2016-04-15,-0.0227,0
181,000837,秦川机床,预亏,2016-04-15,-0.0313,0
182,000918,嘉凯城,预亏,2016-04-15,-0.08,0
183,000402,金融街,预降,2016-04-15,0.27,-5%
184,000672,上峰水泥,预亏,2016-04-15,0.04,0
185,000802,北京文化,预亏,2016-04-15,-0.0047,0
186,000932,华菱钢铁,预亏,2016-04-15,-0.0564,0
187,000595,宝塔实业,减亏,2016-04-15,-0.081,0
188,000038,深大通,预盈,2016-04-15,-0.006,0
189,000630,铜陵有色,预亏,2016-04-15,0.03,-282%~-253%
190,000950,*ST建峰,预亏,2016-04-15,-0.15,0
191,000680,山推股份,预盈,2016-04-15,-0.0554,0
192,000723,美锦能源,减亏,2016-04-15,-0.043,0
193,000155,*ST川化,减亏,2016-04-15,-0.11,0
194,000589,黔轮胎A,预亏,2016-04-15,0.06,0
195,000413,东旭光电,预增,2016-04-15,0.08,89.55%~121.14%
196,000528,柳工,预减,2016-04-15,0.0652,-100%~-50%
197,000815,美利云,减亏,2016-04-15,-0.2,62.07%~65.23%
198,000927,一汽夏利,减亏,2016-04-15,-0.1612,0
199,000629,*ST钒钛,预盈,2016-04-15,-0.0376,0
200,000027,深圳能源,预降,2016-04-15,0.1378,-60%~-40%
201,000505,*ST珠江,预亏,2016-04-15,0.16,0
202,000948,南天信息,减亏,2016-04-15,-0.26,0
203,000591,太阳能,预减,2016-04-15,0.0375,-52.91
204,002387,黑牛食品,减亏,2016-04-15,-0.059,0
205,000060,中金岭南,预亏,2016-04-15,0.028,0
206,000767,漳泽电力,预亏,2016-04-15,0.03,-316%~-304%
207,000034,神州数码,预亏,2016-04-15,0.064,-126.1
208,000509,华塑控股,预亏,2016-04-15,-0.0141,0
209,000510,金路集团,预盈,2016-04-15,-0.0865,0
210,000157,中联重科,预亏,2016-04-15,-0.05,0
211,002114,罗平锌电,预亏,2016-04-15,-0.06,0
212,000036,华联控股,预盈,2016-04-15,-0.008,0
213,000668,荣丰控股,预亏,2016-04-15,-0.07,0
214,002648,卫星石化,预盈,2016-04-15,-0.18,101.99
215,000638,万方发展,预盈,2016-04-15,-0.0167,254.8%~293.5%
216,000659,珠海中富,预亏,2016-04-15,-0.03,0
217,000611,*ST天首,预亏,2016-04-15,-0.0226,0
218,000990,诚志股份,预亏,2016-04-15,0.007,-795.44%~-682.66%
219,000801,四川九洲,预增,2016-04-15,0.0235,38.82%~66.59%
220,000807,云铝股份,减亏,2016-04-15,-0.05,0
221,000735,罗牛山,预减,2016-04-15,0.018,-87.1%~-67.76%
222,000955,欣龙控股,减亏,2016-04-15,-0.02,0
223,000558,莱茵体育,预增,2016-04-15,0.0033,0
224,000656,金科股份,预增,2016-04-15,0.09,125%~155%
225,000586,汇源通信,预亏,2016-04-15,-0.006,0
226,000040,东旭蓝天,预增,2016-04-15,0.014,339.09%~369.9%
227,000025,特力A,预增,2016-04-15,0.0032,535%~788%
228,000005,世纪星源,减亏,2016-04-15,-0.0088,0
229,000536,华映科技,预增,2016-04-15,0.0392,79.91%~112.63%
230,000792,盐湖股份,预增,2016-04-15,0.0084,0
231,000056,皇庭国际,预增,2016-04-15,0.02,109%~130%
232,000989,九芝堂,预升,2016-04-15,0.138,3.41%~21.24%
233,000691,ST亚太,预亏,2016-04-15,0.0002,0
234,000158,常山股份,减亏,2016-04-15,-0.057,0
235,000698,沈阳化工,预盈,2016-04-15,-0.087,207%~296%
236,000409,山东地矿,预盈,2016-04-15,-0.06,115.37%~126.9%
237,000061,农产品,预盈,2016-04-15,-0.0032,0
238,000995,*ST皇台,预亏,2016-04-15,-0.02,0
239,002688,金河生物,预增,2016-04-15,0.11,110%~150%
240,000835,长城动漫,预盈,2016-04-15,-0.0115,0
241,000547,航天发展,预增,2016-04-15,0.07,58.67%~99.26%
242,000018,神州长城,预增,2016-04-15,-0.002,0
243,000504,*ST生物,预亏,2016-04-15,-0.0122,0
244,600292,远达环保,预降,2016-04-15,0.13,-19.48
245,603101,汇嘉时代,预升,2016-04-15,0.1193,-10%~10%
246,002606,大连电瓷,预盈,2016-04-15,-0.05,0
247,000959,首钢股份,预亏,2016-04-15,-0.0599,0
248,002297,博云新材,减亏,2016-04-15,-0.0347,0
249,000931,中关村,减亏,2016-04-15,-0.0286,0
250,000923,河北宣工,预盈,2016-04-15,-0.1349,0
251,000511,*ST烯碳,预盈,2016-04-15,-0.004,0
252,000633,*ST合金,预亏,2016-04-15,-0.0124,0
253,000670,*ST盈方,预增,2016-04-15,0.0052,350.99
254,000796,凯撒旅游,预增,2016-04-15,0.0331,52.18%~82.61%
255,000037,*ST南电A,减亏,2016-04-14,-0.15,46.86
256,000697,炼石有色,预亏,2016-04-14,0.007,0
257,000782,美达股份,预减,2016-04-14,0.07,-78.8
258,000762,西藏矿业,预盈,2016-04-14,-0.0377,0
259,000021,深科技,预增,2016-04-14,0.0393,170%~200%
260,000852,石化机械,预亏,2016-04-14,-0.05,0
261,000856,*ST冀装,减亏,2016-04-14,-0.12,0
262,000737,南风化工,减亏,2016-04-14,-0.0985,0
263,002172,澳洋科技,预盈,2016-04-14,-0.01,0
264,000922,佳电股份,预亏,2016-04-14,-0.05,0
265,000525,红太阳,预减,2016-04-14,0.159,-70%~-50%
266,002261,拓维信息,预降,2016-04-14,0.25,-45%~-30%
267,600702,沱牌舍得,预增,2016-04-14,0.013,172.52
268,600505,西昌电力,预盈,2016-04-14,-0.0181,0
269,000503,海虹控股,预亏,2016-04-14,-0.0207,0
270,002356,赫美集团,预增,2016-04-14,0.0,1648.25%~1674.48%
271,000818,方大化工,预降,2016-04-14,0.0279,-63%~-37%
272,000023,深天地A,减亏,2016-04-14,-0.01,67%~83%
273,600655,豫园商城,预减,2016-04-14,0.168,-70
274,600602,云赛智联,预增,2016-04-14,0.01,130
275,000031,中粮地产,预增,2016-04-14,0.04,150%~200%
276,000676,智度股份,预亏,2016-04-14,-0.0162,0
277,600965,福成股份,预升,2016-04-14,0.0413,1.56
278,000032,深桑达A,预增,2016-04-14,0.002,2989.6%~4019.46%
279,000768,中航飞机,减亏,2016-04-14,-0.0743,0
280,600428,中远航运,预减,2016-04-14,0.15,-99.64
281,000727,华东科技,预亏,2016-04-14,-0.0033,0
282,000609,绵石投资,预盈,2016-04-14,-0.0146,215%~261%
283,000717,*ST韶钢,减亏,2016-04-14,-0.1781,46.63
284,000711,京蓝科技,减亏,2016-04-14,-0.09,51.32%~67.55%
285,000973,佛塑科技,预增,2016-04-14,0.008,86.83%~111.75%
286,000878,云南铜业,预亏,2016-04-14,0.01,0
287,002151,北斗星通,预亏,2016-04-14,-0.05,0
288,000159,国际实业,预亏,2016-04-14,-0.02,-152%~-80%
289,000930,中粮生化,减亏,2016-04-14,-0.19,0
290,000584,友利控股,预亏,2016-04-14,0.0678,-167.31%~-143.27%
291,000686,东北证券,预降,2016-04-14,0.28,-27.03
292,000893,东凌国际,预盈,2016-04-14,-0.07,0
293,000793,华闻传媒,预增,2016-04-14,0.0408,84.97%~121.96%
294,000969,安泰科技,预降,2016-04-14,0.0055,-45.67%~-37.9%
295,000967,盈峰环境,预增,2016-04-14,0.03,489.2%~537.79%
296,000850,华茂股份,预减,2016-04-14,0.085,-84.98%~-81.22%
297,000813,天山纺织,预亏,2016-04-14,0.011,0
298,600338,西藏珠峰,预增,2016-04-14,-0.094,144
299,600115,东方航空,预增,2016-04-14,0.1234,60%~70%
300,002731,萃华珠宝,预亏,2016-04-14,0.19,0
301,601216,君正集团,预增,2016-04-14,0.074,70%~110%
302,601567,三星医疗,预增,2016-04-14,0.1,55%~60%
303,600784,鲁银投资,预盈,2016-04-14,-0.014,0
304,300511,雪榕生物,预增,2016-04-14,0.19,6%~84%
305,603822,嘉澳环保,预盈,2016-04-14,0.0545,0
306,000655,金岭矿业,预亏,2016-04-14,-0.06,-115%~-107%
307,300443,金雷风电,预增,2016-04-14,0.6,80%~100%
308,600322,天房发展,预减,2016-04-13,0.03,0
309,002290,禾盛新材,预降,2016-04-13,0.05,-50%~-20%
310,600835,上海机电,预升,2016-04-13,0.14,50
311,000952,广济药业,预盈,2016-04-13,-0.026,0
312,000965,天保基建,预增,2016-04-13,0.03,155.62%~172.66%
313,000911,南宁糖业,预亏,2016-04-13,0.07,0
314,000635,英力特,预增,2016-04-13,0.01,17.5%~52.75%
315,000759,中百集团,预减,2016-04-13,0.07,-96%~-92%
316,000780,平庄能源,预亏,2016-04-13,-0.03,0
317,000043,中航地产,预亏,2016-04-13,-0.1023,0
318,002171,楚江新材,预盈,2016-04-13,-0.008,0
319,002726,龙大肉食,预增,2016-04-13,0.15,50%~70%
320,000868,安凯客车,预增,2016-04-13,0.01,140%~170%
321,600129,太极集团,预增,2016-04-13,0.048,4293.99
322,002522,浙江众成,预增,2016-04-13,0.01,220%~270%
323,002037,久联发展,预亏,2016-04-13,0.07,0
324,000712,锦龙股份,预减,2016-04-13,0.22,-70%~-50%
325,002511,中顺洁柔,预增,2016-04-13,0.0548,90%~120%
326,000610,西安旅游,减亏,2016-04-13,-0.0408,0
327,000055,方大集团,预增,2016-04-13,0.0205,40%~80%
328,600687,刚泰控股,预增,2016-04-13,0.195,82.72%~124.49%
329,000613,大东海A,预盈,2016-04-13,-0.0003,0
330,002607,亚夏汽车,预盈,2016-04-13,-0.04,194.95%~242.43%
331,600871,石化油服,预亏,2016-04-13,-0.028,0
332,601012,隆基股份,预增,2016-04-13,0.14,245%~265%
333,601179,中国西电,预升,2016-04-13,0.0317,43
334,000788,北大医药,预盈,2016-04-13,-0.14,0
335,000928,中钢国际,预升,2016-04-13,0.1264,0
336,000810,创维数字,预增,2016-04-13,0.1389,46.25%~68.75%
337,000506,中润资源,预盈,2016-04-13,-0.0117,0
338,603528,多伦科技,预升,2016-04-13,0.5736,0%~10%
339,000616,海航投资,预亏,2016-04-13,0.01,0
340,000929,兰州黄河,预亏,2016-04-12,0.368,0
341,000702,正虹科技,预亏,2016-04-12,0.0087,0
342,000502,绿景控股,预亏,2016-04-12,-0.0155,0
343,000988,华工科技,预增,2016-04-12,0.03,45.1%~55.46%
344,000957,中通客车,预增,2016-04-12,0.04,1437%~1460%
345,000006,深振业A,预减,2016-04-12,0.1494,-77.68%~-74.21%
346,000783,长江证券,预降,2016-04-12,0.16,-34.97
347,600549,厦门钨业,预降,2016-04-12,0.0301,-17.49
348,002234,民和股份,预盈,2016-04-12,-0.14,0
349,600596,新安股份,预亏,2016-04-12,0.0057,0
350,000514,渝开发,减亏,2016-04-12,-0.0222,0
351,600801,华新水泥,预亏,2016-04-12,0.02,0
352,000851,高鸿股份,预亏,2016-04-12,-0.0094,0
353,000400,许继电气,预增,2016-04-12,0.0105,220%~270%
354,000062,深圳华强,预升,2016-04-12,0.078,5%~25%
355,000962,*ST东钽,预亏,2016-04-12,-0.1396,0
356,002157,正邦科技,预盈,2016-04-12,-0.11,0
357,601233,桐昆股份,预增,2016-04-12,0.11,47%~77%
358,000885,同力水泥,预亏,2016-04-12,0.001,0
359,000563,陕国投A,预增,2016-04-12,0.0619,92.43
360,002588,史丹利,预升,2016-04-12,0.44,15%~25%
361,000733,振华科技,预增,2016-04-12,0.05,160%~190%
362,601006,大秦铁路,预减,2016-04-12,0.25,-50
363,000971,高升控股,预盈,2016-04-12,-0.032,0
364,000803,金宇车城,预亏,2016-04-12,-0.01,0
365,000014,沙河股份,预亏,2016-04-12,0.0017,0
366,000728,国元证券,预减,2016-04-12,0.37,-70.17
367,000757,浩物股份,预增,2016-04-12,0.01,73.62
368,603866,桃李面包,预升,2016-04-12,0.14,44.42
369,000430,张家界,预盈,2016-04-12,-0.0141,139.81%~161.92%
370,002333,罗普斯金,减亏,2016-04-12,-0.06,0
371,000673,当代东方,预盈,2016-04-12,-0.0243,0
372,000042,中洲控股,预减,2016-04-12,0.9634,-100%~-90%
373,000862,银星能源,预亏,2016-04-12,-0.01,0
374,000498,山东路桥,预亏,2016-04-12,0.0296,-106.35
375,002531,天顺风能,预增,2016-04-12,0.09,70%~100%
376,002155,湖南黄金,减亏,2016-04-12,-0.02,0
377,601058,赛轮金宇,预增,2016-04-12,0.06,160%~200%
378,600586,金晶科技,预盈,2016-04-12,-0.03,0
379,002111,威海广泰,预增,2016-04-12,0.08,50%~70%
380,002413,雷科防务,预增,2016-04-12,0.05,80%~110%
381,002460,赣锋锂业,预增,2016-04-12,0.07,320%~360%
382,002049,紫光国芯,预升,2016-04-12,0.0903,0%~30%
383,000599,青岛双星,预增,2016-04-12,0.013,160%~180%
384,600644,乐山电力,预增,2016-04-12,0.023,156.61
385,000166,申万宏源,预降,2016-04-12,0.19,-47.55
386,603169,兰石重装,减亏,2016-04-12,-0.022,0
387,603601,再升科技,预增,2016-04-12,0.0495,430%~480%
388,000935,四川双马,预亏,2016-04-12,-0.02,-16.29%~12.78%
389,002795,永和智控,预升,2016-04-12,0.2,-10%~10%
390,002636,金安国纪,预增,2016-04-12,0.05,140%~170%
391,600711,盛屯矿业,预盈,2016-04-11,-0.007,0
392,300055,万邦达,预降,2016-04-11,0.3944,-35.86%~-21.37%
393,000620,新华联,预增,2016-04-11,0.01,332.34%~440.42%
394,300418,昆仑万维,预升,2016-04-11,0.2798,14.88%~40.41%
395,300462,华铭智能,预增,2016-04-11,0.03,80%~100%
396,002743,富煌钢构,预增,2016-04-11,0.02,150%~200%
397,000059,华锦股份,预盈,2016-04-11,-0.09,0
398,002031,巨轮智能,预减,2016-04-11,0.09,-90%~-70%
399,000779,三毛派神,预亏,2016-04-09,-0.05,0
400,002619,巨龙管业,预增,2016-04-09,0.06,106.75%~156.75%
401,000650,仁和药业,预升,2016-04-09,0.0745,30%~50%
402,000553,沙隆达A,预减,2016-04-09,0.1297,0
403,300035,中科电气,预降,2016-04-09,0.0317,-30%~-20%
404,000877,天山股份,减亏,2016-04-09,-0.27,20
405,300088,长信科技,预升,2016-04-09,0.07,-5%~10%
406,300250,初灵信息,预盈,2016-04-09,-0.0414,0
407,300483,沃施股份,预降,2016-04-09,0.28,-25.63%~-9.98%
408,300112,万讯自控,预减,2016-04-09,0.01,-90.89%~-69.63%
409,603558,健盛集团,预增,2016-04-09,0.3,100%~150%
410,300385,雪浪环境,预升,2016-04-09,0.1406,10%~25%
411,000710,天兴仪表,减亏,2016-04-09,-0.0365,0
412,000888,峨眉山A,预增,2016-04-09,0.0099,484%~522%
413,000045,深纺织A,预亏,2016-04-09,0.0086,0
414,300046,台基股份,预降,2016-04-09,0.044,-15%~0%
415,300085,银之杰,预升,2016-04-09,0.0192,9.25%~29.11%
416,300344,太空板业,预亏,2016-04-09,-0.0613,0
417,300265,通光线缆,预增,2016-04-09,0.089,88%~108%
418,300389,艾比森,预降,2016-04-09,0.385,-28%~-22%
419,300196,长海股份,预升,2016-04-09,0.2,11.07%~40.16%
420,300444,双杰电气,预盈,2016-04-09,0.0,0
421,300411,金盾股份,预升,2016-04-09,0.0523,19.51%~38.63%
422,300355,蒙草生态,预亏,2016-04-09,0.06,0
423,000631,顺发恒业,预减,2016-04-09,0.16,-80%~-50%
424,300447,全信股份,预升,2016-04-09,0.2916,30%~45%
425,300369,绿盟科技,减亏,2016-04-09,-0.3309,0
426,300178,腾邦国际,预升,2016-04-09,0.0636,10%~40%
427,300261,雅本化学,预降,2016-04-09,0.0527,-45%~-25%
428,300002,神州泰岳,预减,2016-04-09,0.0298,-90%~-60%
429,300423,鲁亿通,预降,2016-04-09,0.07,-50%~-30%
430,300199,翰宇药业,预增,2016-04-09,0.0431,40%~60%
431,300479,神思电子,预减,2016-04-09,0.22,-80%~-50%
432,300179,四方达,预减,2016-04-09,0.0571,-70%~-50%
433,600101,明星电力,预升,2016-04-09,0.086,8.67
434,600750,江中药业,预增,2016-04-09,0.21,50%~70%
435,300439,美康生物,预升,2016-04-09,0.39,5%~20%
436,300465,高伟达,预降,2016-04-09,0.04,-63.11%~-33.13%
437,300013,新宁物流,预增,2016-04-09,0.006,407.84%~434.57%
438,002264,新华都,预增,2016-04-09,0.03,169.83%~216.17%
439,000836,鑫茂科技,预盈,2016-04-09,-0.0746,0
440,300011,鼎汉技术,预减,2016-04-09,0.0583,-115%~-85%
441,600131,岷江水电,预增,2016-04-09,0.047,86.3
442,300248,新开普,预盈,2016-04-09,-0.0089,0
443,300312,邦讯技术,预亏,2016-04-09,0.012,-1373.14%~-1346.16%
444,000985,大庆华科,预增,2016-04-09,0.003,48.59%~122.88%
445,300254,仟源医药,预升,2016-04-09,0.0545,-10%~10%
446,300079,数码视讯,预升,2016-04-09,0.0643,0%~10%
447,600258,首旅酒店,预减,2016-04-09,0.1282,-76.32
448,603800,道森股份,预亏,2016-04-09,0.1389,0
449,300358,楚天科技,预升,2016-04-09,0.11,0%~10%
450,300097,智云股份,预亏,2016-04-09,-0.02,0
451,300295,三六五网,预降,2016-04-09,0.3,-30%~0%
452,000791,甘肃电投,预亏,2016-04-09,-0.1766,0
453,300119,瑞普生物,预升,2016-04-09,0.0659,-15%~15%
454,300032,金龙机电,预降,2016-04-09,0.3137,-30%~0%
455,300029,天龙光电,预亏,2016-04-09,0.0183,-650%~-510%
456,300069,金利华电,预增,2016-04-09,0.03,180%~210%
457,300325,德威新材,预降,2016-04-09,0.04,-10%~0%
458,300467,迅游科技,预升,2016-04-09,0.56,1%~10%
459,300166,东方国信,预升,2016-04-09,0.09,20%~40%
460,002259,升达林业,预亏,2016-04-09,-0.01,0
461,300061,康耐特,预增,2016-04-09,0.0353,37.09%~64.5%
462,300413,快乐购,预降,2016-04-09,0.0587,-49.95%~-39.98%
463,300151,昌红科技,预降,2016-04-09,0.05,-50%~-30%
464,002328,新朋股份,预降,2016-04-09,0.0539,-40%~-10%
465,300395,菲利华,预降,2016-04-09,0.1871,-30%~0%
466,300396,迪瑞医疗,预升,2016-04-09,0.12,0%~30%
467,300435,中泰股份,预升,2016-04-09,0.2,5%~15%
468,300142,沃森生物,减亏,2016-04-09,-0.21,0
469,300292,吴通控股,预增,2016-04-09,0.1,70.81%~100.33%
470,300308,中际装备,预亏,2016-04-09,-0.02,-82.62%~-56.54%
471,300051,三五互联,预盈,2016-04-09,-0.011,0
472,300330,华虹计通,预亏,2016-04-09,0.004,-290.76%~-261.41%
473,300506,名家汇,预升,2016-04-09,0.1054,4.54
474,300038,梅泰诺,预升,2016-04-09,0.035,-10%~10%
475,300153,科泰电源,预升,2016-04-09,0.04,15%~45%
476,002349,精华制药,预增,2016-04-09,0.052,200%~220%
477,300303,聚飞光电,预降,2016-04-09,0.16,-45%~-15%
478,300152,科融环境,预亏,2016-04-09,0.051,0
479,601139,深圳燃气,预增,2016-04-09,0.06,72.15
480,000407,胜利股份,预增,2016-04-09,0.01,540.28%~589.53%
481,000100,TCL集团,预减,2016-04-09,0.0686,-70%~-59%
482,300053,欧比特,预增,2016-04-09,0.02,149.5%~178.02%
483,300006,莱美药业,预增,2016-04-09,0.03,226.49%~252.96%
484,300381,溢多利,预升,2016-04-09,0.0728,25%~50%
485,300318,博晖创新,预降,2016-04-09,0.0274,-50%~-40%
486,300426,唐德影视,预减,2016-04-09,0.46,0
487,300121,阳谷华泰,预增,2016-04-09,0.02,200%~230%
488,300136,信维通信,预增,2016-04-09,0.0959,167.98%~196.69%
489,300201,海伦哲,预亏,2016-04-09,-0.0122,0
490,300102,乾照光电,预减,2016-04-09,0.02,-90%~-70%
491,600778,友好集团,预减,2016-04-09,0.1187,-95%~-85%
492,300174,元力股份,预降,2016-04-09,0.0592,-35%~-25%
493,300232,洲明科技,预增,2016-04-09,0.0382,145%~164%
494,300366,创意信息,预亏,2016-04-09,-0.0212,0
495,300064,豫金刚石,预增,2016-04-09,0.0344,50%~70%
496,300310,宜通世纪,预增,2016-04-09,0.08,114.5%~143.48%
497,300048,合康变频,预增,2016-04-09,0.01,1995.63%~2025.63%
498,300313,天山生物,预亏,2016-04-09,-0.089,0
499,300433,蓝思科技,预减,2016-04-09,0.67,-83%~-78%
500,300400,劲拓股份,预降,2016-04-09,0.05,-74.5%~-49%
501,000150,宜华健康,预增,2016-04-09,0.0083,24557.5%~30037%
502,300260,新莱应材,预降,2016-04-09,0.027,-55.03%~-25.05%
503,300473,德尔股份,预降,2016-04-09,0.4461,-28.26%~-16.3%
504,300311,任子行,预增,2016-04-09,0.03,100%~130%
505,300128,锦富新材,预亏,2016-04-09,-0.0235,0
506,300156,神雾环保,预增,2016-04-09,0.02,780%~808%
507,600525,长园集团,预增,2016-04-09,0.0495,120%~150%
508,300028,金亚科技,预减,2016-04-09,0.03,-81.72%~-63.45%
509,002096,南岭民爆,预亏,2016-04-09,0.056,0
510,603010,万盛股份,预增,2016-04-09,0.19,65%~75%
511,600727,鲁北化工,预降,2016-04-09,0.03,-48.52
512,300407,凯发电气,预亏,2016-04-08,-0.02,0
513,000626,如意集团,预升,2016-04-08,0.702,16
514,300309,吉艾科技,预亏,2016-04-08,0.03,0
515,300270,中威电子,预升,2016-04-08,0.11,0%~30%
516,300394,天孚通信,预升,2016-04-08,0.3119,10%~30%
517,300224,正海磁材,预升,2016-04-08,0.11,10%~30%
518,300345,红宇新材,预增,2016-04-08,0.0671,55.31%~84.82%
519,000755,山西三维,预亏,2016-04-08,-0.201,-48.21
520,300306,远方光电,预升,2016-04-08,0.08,20%~40%
521,300352,北信源,预升,2016-04-08,0.0011,20%~40%
522,300487,蓝晓科技,预降,2016-04-08,0.257,-45%~-30%
523,300180,华峰超纤,预减,2016-04-08,0.21,-80%~-50%
524,601918,*ST新集,减亏,2016-04-08,-0.189,0
525,000721,西安饮食,预亏,2016-04-08,-0.0061,0
526,000795,英洛华,预盈,2016-04-08,-0.07,0
527,600074,保千里,预增,2016-04-08,0.04,80%~130%
528,300470,日机密封,预降,2016-04-08,0.41,-10%~-2%
529,300167,迪威视讯,减亏,2016-04-08,-0.06,0
530,300280,南通锻压,预盈,2016-04-08,-0.0142,0
531,002668,奥马电器,预增,2016-04-08,0.17,40%~65%
532,300195,长荣股份,预降,2016-04-08,0.24,-20%~0%
533,600771,广誉远,预盈,2016-04-08,-0.005,0
534,300098,高新兴,预增,2016-04-08,0.1307,141.9%~162.76%
535,300137,先河环保,预升,2016-04-08,0.02,30%~50%
536,603766,隆鑫通用,预升,2016-04-08,0.1977,23.82
537,300206,理邦仪器,预盈,2016-04-08,-0.08,0
538,300042,朗科科技,预增,2016-04-08,0.0388,100%~130%
539,600688,上海石化,预增,2016-04-08,0.005,2000%~2200%
540,300181,佐力药业,预升,2016-04-08,0.07,1.67%~5.21%
541,300242,明家联合,预增,2016-04-08,0.04,1126.92%~1491.53%
542,300212,易华录,预降,2016-04-08,0.123,-55%~-35%
543,300294,博雅生物,预降,2016-04-08,0.6,-20%~-5%
544,600674,川投能源,预升,2016-04-08,0.3506,19.48
545,300012,华测检测,预亏,2016-04-08,0.008,0
546,002013,中航机电,减亏,2016-04-08,-0.1004,0
547,300169,天晟新材,减亏,2016-04-08,-0.0303,0.62%~10.76%
548,300189,神农基因,减亏,2016-04-08,-0.0259,0
549,002102,冠福股份,预增,2016-04-08,0.0335,55.6%~67.88%
550,300158,振东制药,预升,2016-04-08,0.05,0%~30%
551,300263,隆华节能,预减,2016-04-08,0.054,-95%~-80%
552,300321,同大股份,预升,2016-04-08,0.1391,0%~20%
553,300498,温氏股份,预增,2016-04-08,0.0,349.33%~378.86%
554,300266,兴源环境,预增,2016-04-08,0.0687,235%~265%
555,300205,天喻信息,预降,2016-04-08,0.0192,-27%~-3%
556,300109,新开源,预增,2016-04-08,0.11,41.89%~57.22%
557,300478,杭州高新,预降,2016-04-08,0.05,-10%~0%
558,300235,方直科技,预降,2016-04-08,0.08,-35%~-15%
559,300489,中飞股份,预降,2016-04-08,0.1528,-50%~-20%
560,300405,科隆精化,预盈,2016-04-08,-0.0458,0
561,300346,南大光电,预减,2016-04-08,0.0899,-94.47%~-88.93%
562,300084,海默科技,预亏,2016-04-08,0.0812,0
563,300141,和顺电气,预减,2016-04-08,0.07,-100%~-80%
564,300040,九洲电气,预盈,2016-04-08,-0.02,0
565,300342,天银机电,预升,2016-04-08,0.12,25%~40%
566,300333,兆日科技,预升,2016-04-08,0.07,-15%~15%
567,300319,麦捷科技,预增,2016-04-08,0.03,415.77%~445.77%
568,300374,恒通科技,预亏,2016-04-08,-0.07,0
569,300124,汇川技术,预升,2016-04-08,0.16,0%~15%
570,300220,金运激光,预升,2016-04-08,0.0202,0%~30%
571,300107,建新股份,预降,2016-04-08,0.02,-36.68%~-20.01%
572,300135,宝利国际,预降,2016-04-08,0.013,-50%~-20%
573,300384,三联虹普,预升,2016-04-08,0.8176,0%~5.02%
574,300285,国瓷材料,预增,2016-04-08,0.07,56%~73%
575,300334,津膜科技,预减,2016-04-08,0.02,-100%~-70%
576,300343,联创互联,预增,2016-04-08,0.0062,2600.51%~2628.93%
577,300268,万福生科,减亏,2016-04-08,-0.06,0
578,300427,红相电力,预亏,2016-04-08,-0.08,0
579,300211,亿通科技,预升,2016-04-08,0.0295,21.11%~49.37%
580,300452,山河药辅,预升,2016-04-08,0.28,20%~30%
581,300171,东富龙,预降,2016-04-08,0.3274,-20%~0%
582,300159,新研股份,预升,2016-04-08,0.0036,0%~20%
583,300276,三丰智能,预降,2016-04-08,0.02,-45%~-15%
584,300126,锐奇股份,预减,2016-04-08,0.04,-90%~-60%
585,300380,安硕信息,预升,2016-04-08,0.0398,0%~20%
586,300108,双龙股份,预降,2016-04-08,0.122,-15%~0%
587,300429,强力新材,预升,2016-04-08,0.3741,0%~10%
588,300417,南华仪器,预降,2016-04-08,0.1333,-17.28%~-8.09%
589,300371,汇中股份,预亏,2016-04-08,-0.01,0
590,300341,麦迪电气,预降,2016-04-08,0.0397,-25%~0%
591,300391,康跃科技,预降,2016-04-08,0.042,-60%~-40%
592,300164,通源石油,预亏,2016-04-08,-0.0264,0
593,300492,山鼎设计,预亏,2016-04-08,0.12,0
594,300165,天瑞仪器,预升,2016-04-08,0.0861,5%~15%
595,300372,欣泰电气,预减,2016-04-08,0.0459,-86.16%~-81.27%
596,300350,华鹏飞,预增,2016-04-08,0.07,215%~245%
597,300434,金石东方,预减,2016-04-08,0.17,-80%~-70%
598,300415,伊之密,预升,2016-04-08,0.1,0.34%~9.09%
599,300157,恒泰艾普,预亏,2016-04-08,-0.02,0%~20%
600,300076,GQY视讯,减亏,2016-04-08,-0.01,36.43%~100%
601,300337,银邦股份,减亏,2016-04-08,-0.0449,0
602,300496,中科创达,预降,2016-04-08,0.4947,-14.25%~-4.19%
603,300240,飞力达,预升,2016-04-08,0.06,10%~30%
604,300096,易联众,预亏,2016-04-08,0.0033,0
605,300016,北陆药业,预升,2016-04-08,0.0656,-15%~10%
606,300431,暴风集团,预盈,2016-04-08,-0.0357,0
607,300377,赢时胜,预盈,2016-04-08,-0.07,107.14%~128.33%
608,300234,开尔新材,预降,2016-04-08,0.1,-61.01%~-49.32%
609,300155,安居宝,预亏,2016-04-08,-0.01,0
610,300183,东软载波,预降,2016-04-08,0.28,-10%~0%
611,300168,万达信息,预升,2016-04-08,0.008,20%~30%
612,300197,铁汉生态,预亏,2016-04-08,-0.01,0
613,300130,新国都,预升,2016-04-08,0.04,0%~30%
614,300401,花园生物,预降,2016-04-08,0.07,-47.52%~-32.52%
615,300409,道氏技术,预升,2016-04-08,0.13,1.07%~17.52%
616,300110,华仁药业,预减,2016-04-08,0.02,-86.64%~-59.92%
617,300185,通裕重工,预升,2016-04-08,0.01,20%~45%
618,300275,梅安森,预亏,2016-04-08,-0.07,0
619,300404,博济医药,预减,2016-04-08,0.08,-100%~-70%
620,300445,康斯特,预升,2016-04-08,0.135,5%~25%
621,300100,双林股份,预升,2016-04-08,0.14,35%~50%
622,300446,乐凯新材,预升,2016-04-08,0.6,5%~10%
623,300004,南风股份,预增,2016-04-08,0.04,25%~55%
624,300471,厚普股份,预减,2016-04-08,0.473,-80%~-60%
625,300075,数字政通,预升,2016-04-08,0.03,30%~40%
626,300399,京天利,预升,2016-04-08,0.14,20%~30%
627,300020,银江股份,预升,2016-04-08,0.16,-20%~10%
628,300315,掌趣科技,预增,2016-04-08,0.06,170%~190%
629,300464,星徽精密,预升,2016-04-08,0.08,20%~40%
630,300397,天和防务,预亏,2016-04-08,-0.06,0
631,300357,我武生物,预升,2016-04-08,0.15,10%~30%
632,300356,光一科技,预升,2016-04-08,0.0111,10%~30%
633,300347,泰格医药,预升,2016-04-08,0.17,5%~25%
634,300106,西部牧业,预亏,2016-04-08,0.03,-329.5%~-276.53%
635,300082,奥克股份,预亏,2016-04-08,0.01,0
636,300031,宝通科技,预降,2016-04-08,0.0742,-15%~0%
637,300288,朗玛信息,预升,2016-04-08,0.11,0%~30%
638,300001,特锐德,预升,2016-04-08,0.11,10%~20%
639,300043,星辉娱乐,预增,2016-04-08,0.16,120%~150%
640,300173,智慧松德,预增,2016-04-08,0.02,150%~180%
641,300182,捷成股份,预增,2016-04-08,0.12,90%~110%
642,300477,合纵科技,减亏,2016-04-08,0.0,20.47
643,300388,国祯环保,预升,2016-04-08,0.11,10%~20%
644,300362,天翔环境,预升,2016-04-08,0.0173,10%~40%
645,300086,康芝药业,预盈,2016-04-08,-0.02,0
646,300287,飞利信,预增,2016-04-08,0.05,270%~300%
647,300459,金科娱乐,预增,2016-04-08,0.0271,160%~180%
648,300493,润欣科技,预升,2016-04-08,0.09,12.51%~17.56%
649,300461,田中精机,预升,2016-04-08,0.1,1.48%~13.65%
650,300297,蓝盾股份,预增,2016-04-08,0.053,80%~110%
651,300233,金城医药,预升,2016-04-08,0.3,0%~10%
652,300460,惠伦晶体,预减,2016-04-08,0.07,-62.15%~-51.34%
653,300282,汇冠股份,预增,2016-04-08,0.085,45%~75%
654,300449,汉邦高科,预亏,2016-04-08,-0.09,0
655,300494,盛天网络,预升,2016-04-08,0.09,-1.18%~23.52%
656,300468,四方精创,预降,2016-04-08,0.13,-30%~-10%
657,300010,立思辰,预盈,2016-04-08,-0.0576,0
658,300364,中文在线,减亏,2016-04-08,-0.13,4%~20%
659,300111,向日葵,预盈,2016-04-08,-0.03,0
660,300022,吉峰农机,预升,2016-04-08,0.0019,0%~30%
661,300323,华灿光电,减亏,2016-04-08,-0.03,0
662,300332,天壕环境,预升,2016-04-08,0.07,-14.3%~13.5%
663,300226,上海钢联,预盈,2016-04-08,-0.0832,0
664,300387,富邦股份,预升,2016-04-08,0.24,0%~30%
665,300005,探路者,预降,2016-04-08,0.1838,-24
666,300490,华自科技,预降,2016-04-08,0.12,-10%~0%
667,300474,景嘉微,预盈,2016-04-08,-0.01,0
668,300154,瑞凌股份,预降,2016-04-08,0.14,-40%~-10%
669,300063,天龙集团,预盈,2016-04-08,-0.0045,0
670,300456,耐威科技,预减,2016-04-08,0.0567,-80%~-55%
671,300241,瑞丰光电,预增,2016-04-08,0.039,81.34%~104.73%
672,300300,汉鼎宇佑,预升,2016-04-08,0.0956,20%~50%
673,300192,科斯伍德,预升,2016-04-08,0.0275,0%~15%
674,300083,劲胜精密,预盈,2016-04-08,-0.37,0
675,300272,开能环保,预升,2016-04-08,0.0332,5%~20%
676,300402,宝色股份,预亏,2016-04-08,-0.0975,-44.72%~-32.03%
677,300500,苏州设计,预升,2016-04-08,0.18,-9.55%~14.57%
678,300348,长亮科技,预升,2016-04-08,0.1147,20%~50%
679,300438,鹏辉能源,预增,2016-04-08,0.22,33%~63%
680,300359,全通教育,预增,2016-04-08,0.06,100%~120%
681,300252,金信诺,预增,2016-04-08,0.2091,60%~90%
682,300118,东方日升,预盈,2016-04-08,-0.0315,0
683,300326,凯利泰,预降,2016-04-08,0.3441,-65%~-45%
684,000892,星美联合,预盈,2016-04-07,-0.0009,0
685,000822,山东海化,预减,2016-04-07,0.07,-97.5%~-96.5%
686,000661,长春高新,预升,2016-04-07,0.73,21.64%~32.04%
687,300187,永清环保,预升,2016-04-07,,
